50,EPIC 201577017
115,EPIC 202092559
133,EPIC 202971774
167,EPIC 204880394
191,EPIC 205377483
284,EPIC 206315178
348,EPIC 210801536
358,EPIC 210961508
378,EPIC 211158357
436,EPIC 211613886
465,EPIC 211843564
498,EPIC 212066407
509,EPIC 212150006
518,EPIC 212270970
545,EPIC 212425103
546,EPIC 212432685
586,EPIC 212645891
636,EPIC 214984368
638,EPIC 215125108
645,EPIC 215381481
690,EPIC 218952024
695,EPIC 219266595
697,EPIC 219420915
714,EPIC 220198551
715,EPIC 220201207
731,EPIC 220263105
735,EPIC 220282718
744,EPIC 220316844
