,Unnamed: 0,pl_hostname,pl_orbper,pl_orbsmax,gaia_id,designation,ra,ra_error,dec,dec_error,parallax,parallax_error,parallax_over_error,pmra,pmra_error,pmdec,pmdec_error,ra_dec_corr,ra_parallax_corr,ra_pmra_corr,ra_pmdec_corr,dec_parallax_corr,dec_pmra_corr,dec_pmdec_corr,parallax_pmra_corr,parallax_pmdec_corr,pmra_pmdec_corr,astrometric_n_obs_al,astrometric_n_obs_ac,astrometric_n_good_obs_al,astrometric_n_bad_obs_al,astrometric_gof_al,astrometric_chi2_al,astrometric_excess_noise,astrometric_excess_noise_sig,visibility_periods_used,mean_varpi_factor_al,rv_nb_transits,phot_g_mean_mag,bp_rp,bp_g,g_rp,radial_velocity,radial_velocity_error,phot_variable_flag,l,b,source_id,distance,r_lo,r_hi,ext_B_V,ext_bp_rp,ext_G,bp_rp0,G0,M_G0,gal_U,gal_V,gal_W,gal_u,gal_v,gal_w
1,1,KIC 2718885 ,0.1973335,0.013398926272284171,Gaia DR2 2051868403166068480,Gaia DR2 2051868403166068480,292.71603109183144,0.016649980662659263,37.94378612611069,0.02315584215708483,0.8214350474324259,0.024399931516546187,33.665465999999995,-2.246178113206025,0.036311773880408835,-9.899243618670939,0.0406627641596603,-0.028885982999999997,0.029893046,-0.0043097809999999995,-0.13118039,0.45146796,-0.23110677,-0.07413556,-0.24118683,-0.03182788,-0.025278727999999997,225.0,0.0,225.0,0.0,-3.9056022000000006,147.31294,0.0,1.3549518332149436e-15,15.0,-0.09006498,0.0,14.6336155,1.0284014000000001,0.43793392,0.59046745,,,b'NOT_AVAILABLE',71.01245463977165,9.220455683941431,2.0518684031660685e+18,1177.13588322463,1144.00645873253,1212.2042215748,0.09428504295456923,0.1262476725161682,0.2583410176955197,0.9021537274838319,14.37527448230448,4.279482506392878,65.48333173378406,-3.978336552349447,-7.278405260733585,390.97254515931155,1136.2694027675507,195.06545853583708
2,2,KIC 3112129 ,0.48765719,0.01740855914468574,Gaia DR2 2052805015271412224,Gaia DR2 2052805015271412224,290.33718587692675,0.016548899690732716,38.204973334696895,0.018504881330205558,1.1589756199205,0.019811194966532133,58.501045,0.9145798375465878,0.03457485328247842,-1.504146237485985,0.032582323480937266,0.118953,0.08667494,-0.36805198,-0.10622179,0.35160968,-0.163415,-0.3494427,-0.19638057,-0.1740205,0.0763145,222.0,0.0,221.0,1.0,-0.5350741,204.42517,0.0,0.0,15.0,-0.06451034,0.0,14.36505,0.8912181999999998,0.36604309999999995,0.5251751,,,b'NOT_AVAILABLE',70.39615897825247,11.01120077704689,2.052805015271412e+18,842.073771822242,828.1492820858459,856.465795110062,0.057348095987636634,0.07678910052744545,0.15713378300612438,0.8144290994725544,14.207916216993876,4.738299297300644,15.154782348483186,12.024065686161814,1.3038486284215105,284.16280277465887,797.8528509114399,164.80147370023258
3,3,KIC 4665571 ,0.76669043,0.01718812699651613,Gaia DR2 2076454445237794432,Gaia DR2 2076454445237794432,294.66467890841784,0.02155887938552263,39.78384614536333,0.028650282818414693,1.9703387881105137,0.03246695495141298,60.687515000000005,-5.399380865709994,0.04670667199749262,4.723782057699784,0.0467933283189782,-0.08440735,-0.045229245,-0.006306073000000001,-0.08580895,0.53529376,-0.2211612,-0.10120249,-0.26677528,-0.07149958,-0.06973875,192.0,0.0,191.0,1.0,-0.6553738,173.00777,0.0,0.0,13.0,-0.16350046,0.0,14.904735999999998,1.2624559,0.56635475,0.6961012,,,b'NOT_AVAILABLE',73.37625317948009,8.734754824868673,2.0764544452377943e+18,500.394732562741,492.332327922295,508.72070924152604,0.03896993030317074,0.05218073667594562,0.10677760903068784,1.2102751633240543,14.79795839096931,6.408172352916427,6.6511777505432415,10.902803603877285,23.873348194748285,143.51207132953004,480.67409659184966,77.073243648555
4,4,KIC 4929299 ,0.43436157,0.013379394309788128,Gaia DR2 2053248805655536384,Gaia DR2 2053248805655536384,293.35098297728257,0.019199596027797233,40.05967522037403,0.02276453365717313,1.3359543754552416,0.02548845952227756,52.41409,-2.1063171795444617,0.04185185451930639,-6.032990241927192,0.03955012970405659,0.021914093,0.0862829,0.052025642000000004,-0.087735094,0.43453732,-0.20773579999999997,-0.14759177,-0.26155785,-0.04226759,0.06294395,210.0,0.0,209.0,1.0,-3.6876260000000003,137.6979,0.0,0.0,15.0,0.006412629499999999,0.0,14.771975,1.0165205,0.43390942,0.5826110999999999,,,b'NOT_AVAILABLE',73.14762023529669,9.754654008362774,2.0532488056555364e+18,733.0193845416189,719.4693793942821,747.080044018148,0.042294332911115874,0.056632111767984154,0.1158864721764575,0.9598883882320158,14.656088527823542,5.446397701909337,32.739910710922196,6.253154908797487,4.086710754048717,213.86611847332435,706.0256682347413,126.82286396464738
5,5,KIC 5480884 ,0.23624272,0.0045704792240736074,Gaia DR2 2075060161424454528,Gaia DR2 2075060161424454528,299.5467031361605,0.03940737671333622,40.68184833478606,0.0504010659568426,1.3182817609684647,0.057338476970218474,22.991224,-5.473581157016895,0.08356929583362559,-9.976987836008668,0.07595862275201304,-0.13995963,-0.23356444,-0.34098249999999997,-0.00346738,0.5975321,-0.08454910000000002,-0.25423989999999996,-0.07330693,-0.11803472,-0.04723145,196.0,0.0,196.0,0.0,-0.65741915,177.80049,0.0,0.0,13.0,-0.18095197,0.0,16.047815,1.3731383999999998,0.6207465999999999,0.7523918,,,b'NOT_AVAILABLE',76.01852534132306,5.937133293154982,2.075060161424455e+18,744.461390433857,713.710274042325,777.930043840061,0.08999305159256563,0.12050069608244537,0.24658096136362984,1.2526377039175545,15.80123403863637,6.68860410444371,50.81836939034148,2.5225135838683355,5.647204469233452,182.29188757880124,732.1415283690255,78.46363974162
6,6,KIC 5955905 ,0.51705775,0.02997040130999672,Gaia DR2 2101778809360993408,Gaia DR2 2101778809360993408,290.36289482229733,0.018235526515163657,41.2097909578093,0.019585090238638244,0.560636070431716,0.021856210972679698,25.65111,-0.5124900564654753,0.03941632432016543,-9.945333543037515,0.03895516832575199,0.08428777,0.14504161,-0.055155378,-0.026128943999999998,0.20885566,-0.05038985,-0.21170042,-0.16079300000000002,-0.09027024,0.09406512,238.0,0.0,236.0,2.0,1.1499794,255.89558,0.0,0.0,15.0,0.12384895,0.0,14.954194000000001,0.73139095,0.28506279999999995,0.44632816,,,b'NOT_AVAILABLE',73.16931645380663,12.296942430847675,2.1017788093609933e+18,1696.8647684397502,1635.75329493605,1762.62267964488,0.06302181767921627,0.08438621387247058,0.17267978044105262,0.6470047361275294,14.781514219558948,3.805957836910707,87.55721207041493,-3.723437868164074,-24.212221429303927,504.6077431393329,1668.1130034994067,379.8868102175997
7,7,KIC 6359893 ,0.18043173,0.01480104215146426,Gaia DR2 2101808393096586368,Gaia DR2 2101808393096586368,290.38668527421095,0.03258497575439003,41.745252747382594,0.034231279298657595,0.5674380477044106,0.03571926308246826,15.886051,-2.0179010296378097,0.07911286627278079,-6.580722682175847,0.06450641973434068,-0.19740771,-0.17920233,-0.28019267,0.13313828,0.2133038,0.10799292,-0.3732371,-0.05007472599999999,-0.119962916,-0.12036572,230.0,0.0,230.0,0.0,-2.5919287,173.81213,0.0,0.0,16.0,-0.009938558,0.0,15.942159,0.8894576999999999,0.36527919999999997,0.5241785,,,b'NOT_AVAILABLE',73.67245560895087,12.510409611535742,2.1018083930965865e+18,1678.8681945999601,1581.83225076929,1788.2894219544698,0.05738615855340688,0.07684006630301181,0.15723807443633486,0.8126176336969881,15.784920925563664,4.817075991629199,66.21195029763327,-2.0324324613803197,-0.8473515140217699,483.67057205010826,1651.0780576264578,381.7456184235108
8,8,KIC 6525946 ,0.49607106,0.012292115064175177,Gaia DR2 2077654287299877248,Gaia DR2 2077654287299877248,292.9541991754485,0.02498263420722902,41.934802458723226,0.02995782673499704,0.6325989650622688,0.02723026747021187,23.231464000000003,2.1829863076876554,0.05301025579735865,-0.4338898866706614,0.05760871741442729,-0.18592449,0.009389114,-0.3746123,0.15116629,0.13569538,0.14746979,-0.52513725,-0.07735114,-0.09198338,-0.21702218,205.0,0.0,204.0,1.0,-1.0623639999999999,177.92996000000002,0.0,0.0,14.0,-0.07761744,0.0,15.334232,0.8390322,0.34000778,0.49902440000000003,,,b'NOT_AVAILABLE',74.705327102292,10.875901502924698,2.077654287299877e+18,1513.71505656409,1453.32992870475,1579.23054687253,0.07219113481661436,0.09666392951944663,0.19780370939752337,0.7423682704805534,15.136428290602476,4.434011346136465,7.572452068104013,16.346944663643985,-8.52536861655467,409.4936204041416,1497.4041336620166,298.26545779366086
9,9,KIC 8435766 ,0.35500753,0.011597335255387429,Gaia DR2 2078373642776670080,Gaia DR2 2078373642776670080,293.741954257176,0.016715837021937064,44.44825211347275,0.022722066825606967,8.011261176282497,0.021162389869208213,378.56127999999995,38.059826563825595,0.0364873678063448,-16.110914640087348,0.04492381974777506,-0.09315879,0.044022907,-0.15731843,-0.011259163999999999,0.18143384,-0.054221988,-0.27834654,-0.1680203,0.04936161,-0.06331936,228.0,228.0,225.0,3.0,1.4802121000000001,251.80263,0.0,0.0,16.0,-0.0014877191,3.0,11.528678,1.1182365,0.49489403,0.6233425,-2.478648499733993,0.3941423586685935,b'NOT_AVAILABLE',77.25545804887568,11.499471736940768,2.0783736427766705e+18,124.3757049862,124.046735753032,124.706392540259,0.01489448713415502,0.01994371827263357,0.04081089474758476,1.0982927817273664,11.487867105252414,6.055000222859279,9.995861340584895,14.986232975375035,-17.1520542924776,26.984032621875606,119.30511620027798,24.88483412525136
10,10,KIC 9642018 ,0.25255594,0.01374027056923879,Gaia DR2 2127378704229941120,Gaia DR2 2127378704229941120,288.59680025255784,0.024731401690949843,46.32601682308961,0.026431896656244253,1.1218164766361391,0.027226033095549645,41.203815000000006,-3.3039553741370837,0.05495145062360311,-2.91563201239262,0.054800708961105664,0.09631282,0.12557337,-0.07652876,-0.13686362,0.24440508,-0.12578530000000002,-0.1948054,0.024418427000000003,-0.055732604000000005,0.05979686,227.0,0.0,226.0,1.0,-1.8169308000000002,184.36835,0.0,0.0,16.0,0.014402413000000001,0.0,15.546335000000001,1.1271219,0.49161530000000003,0.63550663,,,b'NOT_AVAILABLE',77.43120276636174,15.567031455214233,2.1273787042299407e+18,869.421551110714,849.1621521709241,890.652680781875,0.028512735254907752,0.03817855250632148,0.07812489459844725,1.0889433474936785,15.468210105401553,5.850182993877164,27.05263178007546,6.488082333940265,14.941003361064219,186.86570406312268,838.133232473162,239.22412860264257
11,11,KIC 9825174 ,0.74092963,0.022495240234726144,Gaia DR2 2127755733639236992,Gaia DR2 2127755733639236992,289.1954229401685,0.033438289814150195,46.65160547443735,0.03869913970631865,0.8446728902640072,0.03919668282200877,21.5496,-5.065471174456151,0.06925328812107845,-11.456502375932471,0.07195229687423113,-0.006704159499999999,0.009918099,-0.21768613,-0.019312436000000002,0.34310365,-0.08624977,-0.33664116,-0.18618979,-0.06239552,0.039472055,212.0,0.0,211.0,1.0,2.0806901,250.4252,0.1562532855576703,1.9471638749431035,16.0,0.055326473,0.0,15.888722,1.0560559999999999,0.45036793,0.6056881,,,b'NOT_AVAILABLE',77.91072866380865,15.317570950273941,2.1277557336392369e+18,1146.1044371117998,1096.4706847352802,1200.34664944447,0.037709571142188876,0.0504931157593909,0.10332422492959753,1.005562884240609,15.785397775070402,5.59260103053958,79.81546544676438,-2.5981236097488787,7.679361569334725,239.1404897577973,1116.5112250989055,312.74692102405555
12,12,KIC 10006641,0.44708779,0.01320593188095424,Gaia DR2 2127829847594856832,Gaia DR2 2127829847594856832,289.75641823154075,0.014523650201765203,46.95289524477997,0.015484346601705116,2.4630117563381964,0.01677421806873021,146.83318,-11.312361015437968,0.031326332070368584,-2.3551382131378245,0.030116988679929724,0.021984853,-0.08456042,-0.11633829,-0.023243213,0.27874294,-0.10031263,-0.24856707,-0.2510422,-0.09327853,0.07655844,237.0,8.0,235.0,2.0,-2.4791380000000003,180.2533,0.0,0.0,16.0,0.16790941,0.0,14.22465,1.2070675,0.5378504,0.6692170999999999,,,b'NOT_AVAILABLE',78.35629072644856,15.086564321147428,2.1278298475948567e+18,401.310088066992,398.60628395948305,404.050160387898,0.020282493761767755,0.027158259147007025,0.05557403290724365,1.179909240852993,14.169075967092757,6.2072496145284095,22.811205043138994,5.017811693848559,24.722148656189994,79.11813412751917,383.9464170749877,105.67473231379834
13,13,KIC 10527135,0.32868757,0.011328538247703815,Gaia DR2 2130928786756938112,Gaia DR2 2130928786756938112,288.4168203289247,0.023077033606209364,47.731018718051004,0.02493234347633816,1.2255337818173275,0.02557936819546785,47.911026,-7.1961712489702006,0.04866042301744352,-12.445601680126044,0.04371339787602899,-0.13662860000000002,-0.16209528,-0.31816566,0.082130075,0.41991764,0.035908736000000004,-0.35109273,-0.025315495,-0.19697738,-0.09493528,238.0,0.0,236.0,2.0,-3.4185765,164.50401000000002,0.0,0.0,15.0,-0.06940556,0.0,15.290553,1.0866003,0.4729929,0.6136074,,,b'NOT_AVAILABLE',78.7268166210516,16.22766282326859,2.1309287867569385e+18,797.453266334933,781.3886059972709,814.179814118261,0.027459131565592713,0.03676777716632864,0.07523802048972404,1.0498325228336713,15.215314979510275,5.782026793815103,64.80079446304835,-0.4888391699180815,14.07164009318039,153.15664402029097,768.3458831679159,228.0269394575972
14,14,KIC 10585738,0.6364249,0.018666510538776,Gaia DR2 2131541867567734528,Gaia DR2 2131541867567734528,285.1568015284064,0.03012071599397226,47.873251228734816,0.03834260292422729,0.9302259931142788,0.035652424417678824,26.091522,-7.544149859149938,0.06408929036795906,-16.88163809779022,0.07355260921682276,0.10887245,0.19073814,-0.27166155,-0.19352464,0.24177882,-0.24298064,-0.27875057,-0.30028433,-0.1201508,0.13717858,175.0,0.0,173.0,2.0,-1.4194601999999998,142.70221999999998,0.0,0.0,15.0,0.016557407,0.0,15.720858999999999,1.1227893999999998,0.49336338,0.629426,,,b'NOT_AVAILABLE',78.02144189701197,18.315917152078317,2.1315418675677343e+18,1043.56368858408,1005.84822972964,1084.15905123461,0.034845238966492456,0.046657774976133395,0.09547595476818933,1.0761316250238664,15.62538304523181,5.628264204211714,102.71189223730642,-9.091534239205666,12.848971914419398,211.8097178588314,998.3237591075629,337.82780675264576
15,15,KIC 11187332,0.30598391,0.02268497929897341,Gaia DR2 2129577727484793088,Gaia DR2 2129577727484793088,290.10065212741426,0.02317987014324641,48.876351896351785,0.02248307668566931,0.9529194335412359,0.0259636836374418,36.702009999999994,5.205522555466341,0.05066808712672248,-7.829769803836094,0.04207683208294224,0.037739895,-0.2575541,0.25055015,0.024310704,0.25686708,-0.10925662,-0.30015457,-0.38849235,-0.18610105,0.14072903,219.0,0.0,219.0,0.0,-2.8913746,159.03545,0.0,0.0,15.0,0.08465908,0.0,15.126863,0.9216795,0.3797884,0.5418911,,,b'NOT_AVAILABLE',80.27945911832255,15.647010313714821,2.1295777274847928e+18,1018.9702168075199,992.5067619709199,1046.85587622616,0.03554808180974355,0.04759888154324662,0.09740174415869735,0.8740806184567533,15.029461255841303,5.0860555483936665,37.90013510573707,18.400833584925905,-30.585698920812582,170.61842982369535,996.0093437205526,283.035468933987
16,16,KIC 11453930,0.22924638,0.028271120572841143,Gaia DR2 2129936202634908288,Gaia DR2 2129936202634908288,291.14534119786117,0.01597630020475081,49.365313798411634,0.017315811093161625,1.2331708528247411,0.017329218215786778,71.16136999999999,4.7240234750766135,0.033488457740645065,-0.8378014113083223,0.03184056483416998,-0.16876294,0.017624301999999998,-0.25356147,0.11918963,0.26560807,0.059392847,-0.35606968,-0.14814141,0.06613568,-0.059845548,190.0,0.0,188.0,2.0,4.3255230000000005,277.97042999999996,0.09041374847980556,2.28274620513595,15.0,0.06555695,0.0,13.074766,0.6618023000000001,0.25199699999999997,0.4098053,,,b'NOT_AVAILABLE',81.02996165484018,15.219035161949456,2.129936202634908e+18,792.445068992268,781.6280997474139,803.5600886428169,0.02908563669168999,0.038945667530172895,0.07969464453523058,0.6228566324698271,12.99507135546477,3.579920163282045,7.406197396378646,17.577650234095568,-10.013104759211153,122.00232879525663,772.9085294589286,212.87380947441176
17,17,KIC 11550689,0.30160087,0.0071152149092721,Gaia DR2 2132825031998009728,Gaia DR2 2132825031998009728,286.89182949416994,0.01711456652219831,49.582447794468344,0.019343617601361388,3.7483042174937298,0.019373045459126555,193.48038,-6.831235467033277,0.03636499276354042,-30.564339515177245,0.038232547613074166,-0.015594445,0.2857199,-0.027876195,-0.11714558,0.14850222,-0.09877469400000001,-0.13792062,-0.05470073,-0.13359620000000003,-0.07263856,202.0,0.0,202.0,0.0,-0.6604026,183.5433,0.0,0.0,15.0,0.09373673,0.0,14.5882225,1.6862946,0.81292725,0.8733673000000001,,,b'NOT_AVAILABLE',80.12979348246223,17.853380002606094,2.1328250319980096e+18,264.750720798334,263.38950420891,266.125827165676,0.017797526310848587,0.023830887730226256,0.04876522209172513,1.6624637122697739,14.539457277908275,7.474036744141806,49.99843446908618,7.30267850526257,1.6503719142675046,43.5295567254683,250.18128287337817,81.7922507048729
18,18,KIC 1717722 ,0.97730809,0.017235561762577945,Gaia DR2 2051027792165858304,Gaia DR2 2051027792165858304,290.6178586512172,0.025212495802275477,37.289100186011964,0.0316580572466106,1.659279938858944,0.034851129318442885,47.610508,-14.246097857592902,0.05561245777360501,4.020801302441214,0.06655508995328446,-0.012762861,0.17353858,-0.059895534,-0.12373506,0.26976809999999996,-0.11419164400000001,-0.07630689,-0.08195538,-0.23710889,-0.17228310000000002,220.0,0.0,217.0,3.0,-1.9030148,174.59286,0.0,1.3802802276888773e-15,15.0,-0.013082924,0.0,15.653960000000001,1.3381376,0.60312176,0.73501587,,,b'NOT_AVAILABLE',69.65881033538089,10.408561561067335,2.0510277921658583e+18,592.711179085082,580.620392564064,605.306786312423,0.03605854281285769,0.048282388826416445,0.09880040730723008,1.2898552111735837,15.555159592692771,6.789744407425811,15.731873355249043,2.5113459826387987,48.144621649943716,206.04697770987264,555.7892657077587,108.88223895956232
19,19,KIC 3444588 ,0.92831093,0.01908551763898869,Gaia DR2 2052736123999181824,Gaia DR2 2052736123999181824,291.6924772825144,0.02770824440642053,38.57291052400289,0.034720163455971065,1.9579125575433303,0.0361629764598275,54.14135400000001,2.1157141451599153,0.06280975342384174,5.421978117045682,0.06687848651548098,0.061270602,0.045007695,0.04124659,-0.04009774,0.30254048,-0.10892286,-0.3544613,-0.19407856,0.021636697000000003,0.06828706,223.0,0.0,222.0,1.0,-0.24091741,211.36389,0.0,0.0,15.0,0.05867313,0.0,15.861248000000002,1.6623316000000004,0.7990017,0.8633299000000001,,,b'NOT_AVAILABLE',71.2109162188406,10.222193240697418,2.0527361239991816e+18,503.567808164261,494.49054800687003,512.978358556887,0.032343376578706576,0.04330778123888811,0.08862085182565603,1.6190238187611123,15.772627148174346,7.350958205206613,-2.2576870003110012,16.53808097840575,8.543610701419475,161.89321494040536,475.8555106446775,90.6403864376673
20,20,KIC 4055304 ,0.57103885,0.015917619340821268,Gaia DR2 2052965337812644352,Gaia DR2 2052965337812644352,291.0499339899215,0.017717805308808083,39.141674041147965,0.022416992785657525,2.303473521071266,0.02284205095332707,100.84355,3.673661497848857,0.03622494746701446,5.643104763076414,0.046178434749696004,-0.20000362,-0.054058105,-0.30049148,0.21256918,0.31930864,0.17369214,-0.3940639,-0.062293768,0.11966272,-0.14617717,174.0,0.0,174.0,0.0,-4.7110389999999995,95.88436999999999,0.0,0.0,12.0,0.008580039,0.0,14.128210000000001,1.1497507,0.5070772,0.6426735,,,b'NOT_AVAILABLE',71.50233427555287,10.923460877821169,2.0529653378126444e+18,428.79763670354,424.606588620054,433.07073736051,0.02899593099216848,0.03882555159851359,0.07944885091854163,1.1109251484014864,14.048761149081459,5.9669480845036755,-1.8481955169144875,16.902178022514864,5.626673324120188,135.23812940870744,404.23902606955994,82.26598148287806
21,21,KIC 4144576 ,0.81316598,0.01621431915207066,Gaia DR2 2099735057762220288,Gaia DR2 2099735057762220288,287.94559852868895,0.01568371295309362,39.230528096842434,0.018792647213533718,1.9908514026985902,0.019777067362451262,100.66464,-2.5392558625576167,0.03339695519174945,-6.434589593730786,0.03265018396830153,-0.22408882,-0.2624031,-0.2077147,0.12593874,0.33301690000000006,0.029922169,-0.34484276,-0.12043684,-0.21070424,-0.10680799,209.0,0.0,208.0,1.0,-3.1495118,145.38803000000001,0.0,0.0,15.0,-0.15285726,0.0,14.134908,1.0870056000000001,0.47481155,0.61219406,,,b'NOT_AVAILABLE',70.53189878647969,13.136205985819707,2.0997350577622203e+18,495.155649424235,490.317030292129,500.088977385429,0.03112577846364486,0.04167741736282046,0.08528463299038692,1.0453281826371796,14.049623367009612,5.661199307751701,26.6730911944132,6.937094960234854,6.433684643978953,163.02611699112094,461.18752697308526,114.15554690239249
22,22,KIC 4852528 ,0.986786,0.014367153556016487,Gaia DR2 2076328963475704576,Gaia DR2 2076328963475704576,296.11257590306,0.016787262508343875,39.978745121355075,0.022394920979497173,2.6780149183519466,0.021045896949349597,127.24641399999999,-1.379623132299677,0.03650410591271151,-7.184573748288491,0.04592428932217701,-0.01809694,0.21576838,-0.15521197,-0.12585928,0.05659059,-0.11055299,-0.35418066,-0.18864359,-0.063580684,-0.113120876,227.0,0.0,227.0,0.0,-2.0464544,181.02774,0.0,0.0,15.0,0.058573164000000004,0.0,14.755510999999998,1.4733171,0.68465424,0.7886629,,,b'NOT_AVAILABLE',74.08668753108059,7.852571577412755,2.0763289634757048e+18,369.45140759955495,366.579172149942,372.368192807634,0.034275227453120394,0.045894529559728205,0.09391412322154989,1.4274225704402719,14.661596876778448,6.917724372261022,23.085509371056748,9.395814883968196,3.254661384432114,101.4227110046974,355.7336075518938,51.01710791649977
23,23,KIC 5040077 ,0.89638348,0.02418056957009884,Gaia DR2 2073569356783775488,Gaia DR2 2073569356783775488,298.53965146515543,0.015613988033534759,40.18359260378515,0.019345464666684367,1.2347587162460456,0.020050980234355517,61.580967,-0.8831065729549055,0.032680543717839516,-14.215053195551233,0.037150819167817616,0.05436994,0.09515586,-0.07000358400000001,-0.054241896,0.21944098,-0.09126668,-0.28348902,-0.15124428,0.011716098000000001,0.041001607,238.0,0.0,236.0,2.0,-2.8117712000000004,175.12589,0.0,0.0,16.0,0.04104829,0.0,14.59246,0.9622097,0.4014454,0.5607643,,,b'NOT_AVAILABLE',75.19386337418234,6.341523436489974,2.0735693567837755e+18,791.6184903148891,779.152974186542,804.4819789667999,0.08543891910753228,0.11440271268498571,0.23410263835463846,0.8478069873150142,14.358357361645362,5.099880351333132,58.947278490170156,2.417839134636589,-17.326564917190332,205.6964992997833,778.1928355348639,89.45442452843946
24,24,KIC 5095635 ,0.75445863,0.03770552350515507,Gaia DR2 2101125974333636992,Gaia DR2 2101125974333636992,290.6846710954307,0.017054270002613687,40.25538676411894,0.018760594319951703,1.1823999282351796,0.021035368965491488,56.210087,-4.508285203847118,0.037032733080324134,-14.859403355516665,0.0368108733459083,0.14053787,0.21880747,-0.12002955400000001,-0.048310122999999996,0.33962998,-0.016039163000000002,-0.20784275,-0.012436134,-0.1516424,0.00438409,213.0,0.0,213.0,0.0,-2.4860644,160.7407,0.0,0.0,15.0,0.00921477,0.0,14.467351,0.9064827,0.37615395,0.53032875,,,b'NOT_AVAILABLE',72.3973535036368,11.664411945318053,2.1011259743336369e+18,825.808165560674,811.598478376644,840.5149961177341,0.04357588159193948,0.058348105451606964,0.11939791556191419,0.848134594548393,14.347953084438087,4.882955135761357,70.31271483990635,-4.497537471508968,-2.209843197376835,250.48085930789307,789.4894552934136,170.99039804029582
25,25,KIC 5175986 ,0.86838702,0.0217269830432152,Gaia DR2 2101307290671768704,Gaia DR2 2101307290671768704,288.43359768100237,0.028094709903890454,40.380851856283606,0.031790740461138924,1.5166366103279914,0.035329840095827576,42.92792,2.818054628373332,0.058749289059123126,-7.102246849243972,0.061960251605429575,0.0040328256,-0.007964125,-0.045649155999999996,-0.02494881,0.2691315,-0.10441508,-0.14955079999999998,-0.26943603,-0.018297952,0.10034383,234.0,0.0,231.0,3.0,0.21359970000000003,229.8967,0.0,0.0,16.0,0.016153896,0.0,15.904549,1.3780117,0.6317291,0.7462826,,,b'NOT_AVAILABLE',71.7668325930577,13.271421363232,2.1013072906717688e+18,647.4242234635959,632.832486674029,662.691968330812,0.035741259130703217,0.047857545976011606,0.09793105001812683,1.3301541540239885,15.806617949981872,6.8486042772177065,28.058233342254052,10.814653909522963,-9.506270428462898,200.79209324070192,609.5234108126263,151.36407416122796
26,26,KIC 5340878 ,0.539917,0.011099735258464477,Gaia DR2 2103579397088495616,Gaia DR2 2103579397088495616,283.58754586033297,0.014624856730795522,40.574901810492356,0.014987820218898794,2.114422842608481,0.01685584785763717,125.4415,-11.441688621850373,0.031674671171566714,-8.623993706629083,0.030518694693713686,-0.06875923,-0.17628844,-0.00762737,0.054781433,0.24081214,0.0043261196,-0.22179629,-0.10521153,-0.062459435,0.062139492000000005,239.0,0.0,239.0,0.0,-4.487026999999999,149.23988,0.0,0.0,17.0,0.07483835,0.0,14.312222,1.0803432,0.46765327,0.61269,,,b'NOT_AVAILABLE',70.45589963278766,16.73831949390687,2.103579397088496e+18,466.585897855286,462.917258454521,470.312095566987,0.029117645928479183,0.03898852789823363,0.07978234984403297,1.0413546721017664,14.232439650155968,5.967563957546144,35.35235996436047,-1.4719059944151889,23.239336064667796,151.51090680030407,426.8094155596096,136.20787783987686
27,27,KIC 5513012 ,0.67933587,0.015706488127173592,Gaia DR2 2103628462794226304,Gaia DR2 2103628462794226304,283.9200236462642,0.015484143263340027,40.74004189952526,0.01735599610540577,1.728219155857582,0.020462454250181138,84.45806,-2.4084043662043944,0.033021707371746034,-13.026328707456406,0.031629471932574565,-0.13940321,-0.11523417400000001,-0.042535975999999996,0.0005027192,0.3233357,-0.15033083,-0.20864694,-0.41328624,0.023059344,0.046789765,213.0,0.0,212.0,1.0,-2.4956644,159.69835,0.0,0.0,14.0,-0.06204021,0.0,14.12226,0.9606447,0.40444565,0.5561991,,,b'NOT_AVAILABLE',70.71354134494312,16.565232072801418,2.1036284627942264e+18,569.185069172663,562.581892544885,575.942249422418,0.03177300625474556,0.0425440553751043,0.08705803713800284,0.9181006446248957,14.035201962861997,5.345992504120872,45.40034507652071,2.3960999110305004,0.3996512643209692,183.184377185766,523.4892122817639,164.97143289337237
28,28,KIC 5642620 ,0.49339463,0.010836518811494021,Gaia DR2 2073761019713191680,Gaia DR2 2073761019713191680,297.5908217795163,0.02118608775567085,40.81497244047058,0.02368287525199053,1.9480868207223008,0.025544530716889717,76.26238000000001,-4.699783620309292,0.04538524982042183,0.17793377942688227,0.04578401836975985,0.07300903,0.07568483,-0.10304242,-0.04245327,0.24255724,-0.08017285,-0.21924956,-0.16790316,-0.033142782999999995,0.058374855999999996,256.0,0.0,256.0,0.0,-1.5830681,216.57053,0.0,0.0,16.0,0.0776018,0.0,15.408710999999998,1.3967409,0.63870335,0.75803757,,,b'NOT_AVAILABLE',75.379176236929,7.2824426735551455,2.073761019713192e+18,505.943849425998,499.438341034396,512.617962431489,0.06019643125673913,0.08060302145277369,0.16493822164346522,1.3161378785472262,15.243772778356533,6.888199396409595,15.91223111322567,9.65640458542895,17.307195834197287,128.52853987030747,492.69470955788233,65.06930606547462
29,29,KIC 5942808 ,0.62628076,0.01601620924675367,Gaia DR2 2103845032226500352,Gaia DR2 2103845032226500352,285.2166766928304,0.023103934602438782,41.282444913588535,0.028139127715314686,1.3484177095010366,0.028139038441763763,47.919823,-2.0086352092963526,0.052280687139206666,-1.7121650189431072,0.055333457264438266,-0.013535986000000002,-0.1326684,-0.18478912,-0.06770167,0.2366848,-0.10200891,-0.26719826,-0.07384015,-0.04515747,0.1009364,234.0,0.0,233.0,1.0,-0.7180899000000001,212.37051,0.0,0.0,17.0,0.085486084,0.0,15.606994,1.3100108999999998,0.5885515,0.7214594,,,b'NOT_AVAILABLE',71.62045252230753,15.862994612935376,2.1038450322265004e+18,726.34610308358,711.68487367736,741.6126744242731,0.04372744454562043,0.05855104824658575,0.11981319805499999,1.251459851753414,15.487180801945,6.301275945795325,18.571190549019644,8.538499978922243,11.321443875764452,224.93221780621136,676.9781430301797,202.7101873525483
30,30,KIC 5972334 ,0.70862545,0.01424159093997051,Gaia DR2 2076692386427776768,Gaia DR2 2076692386427776768,295.28723175634036,0.021230619809501618,41.22200333457403,0.027723321567508917,1.1183162883174835,0.027166013113362742,41.166008000000005,5.3516740791107855,0.04648150145014258,10.157100098871645,0.04949265945521402,0.038366392,-0.033519115,-0.18514232,-0.12262954599999999,0.37111428,-0.17278588,-0.32884896,-0.118903026,-0.1849626,-0.050177407,200.0,0.0,199.0,1.0,-3.6513648,130.08722,0.0,0.0,15.0,0.0016775025,0.0,15.0646715,1.0314198,0.40919876,0.622221,,,b'NOT_AVAILABLE',74.88507172838223,8.999143970180421,2.0766923864277768e+18,872.3434656770199,851.987341353644,893.677720819983,0.06237245513068426,0.08351671741998623,0.1709005270580749,0.9479030825800139,14.893770972941924,5.36123393841536,-35.900065467848904,24.855253535184577,7.734445744732322,230.2981974992794,852.6400639588555,139.8707269773014
31,31,KIC 6129524 ,0.88183821,0.019261305301453063,Gaia DR2 2077413734773457536,Gaia DR2 2077413734773457536,293.6704404213773,0.03722953489373392,41.41021053843821,0.05041176411877536,1.0033123583379535,0.046045743666049084,21.78947,-1.5605135190119148,0.08271329535773024,-10.173389683388788,0.0984346250509229,0.0743835,0.006408117,-0.23685063,-0.11723903,0.21890300000000001,-0.11709343,-0.34211996,-0.00502879,-0.07454349,-0.03148952,185.0,0.0,183.0,2.0,3.1845779999999997,244.27688999999998,0.21043469313463406,3.193343914045634,16.0,0.020312511999999998,0.0,15.852623000000001,1.1491985,0.49451065,0.6546879,,,b'NOT_AVAILABLE',74.47827929522532,10.160651248859356,2.0774137347734572e+18,971.324821683665,929.384928135176,1017.15225071606,0.05213868280668469,0.0698136962781508,0.14285999089031606,1.0793848037218492,15.709763009109686,5.91580056480189,56.23172573369352,2.551346476708997,-8.050296645397413,262.53712544735384,945.2869362334236,175.82639067018317
33,33,KIC 6265792 ,0.93512027,0.0231653725670308,Gaia DR2 2103743018162573952,Gaia DR2 2103743018162573952,284.04227006686,0.013186096125683349,41.699034827442496,0.016798718559292786,1.2988631036431226,0.018782224129082467,69.15385,-7.207094647846905,0.027956173779338667,-19.944097679013343,0.028419012404962408,-0.0040466194,-0.07568651400000001,-0.039742045,-0.04950697,0.5022067,-0.24459720000000001,-0.2513655,-0.37989452,-0.100815654,0.12699209,212.0,0.0,210.0,2.0,-4.518826,125.95638000000001,0.0,7.018240897946197e-16,14.0,0.019803135,0.0,13.574205,0.8721304,0.35917187,0.5129585,,,b'NOT_AVAILABLE',71.6792078939914,16.834707007037565,2.1037430181625736e+18,753.2602212450361,742.671223010589,764.149947741455,0.048818130012649535,0.06536747608693773,0.13376167623465973,0.8067629239130623,13.44044332376534,4.189479832622844,84.75501800437917,-11.426265282810308,4.983380643476576,231.63775952339418,699.5564282876675,222.9731845287
34,34,KIC 6294819 ,0.675652,0.012009366654708677,Gaia DR2 2077479121354236160,Gaia DR2 2077479121354236160,294.7669795325301,0.03611426375560474,41.644643379310324,0.04251893674589263,0.5860217357096961,0.047131338128095016,12.433803,0.08044360227878787,0.07052670526472593,-3.8574236489549905,0.08146250778084965,0.18500522,0.2602,-0.16077009,-0.22361694,0.25098842,-0.23324339999999996,-0.30384659999999997,-0.37565142,-0.19555916,0.08554229,177.0,0.0,176.0,1.0,1.4434687,198.37063999999998,0.07086552923042408,0.33840582027844673,13.0,0.15591764,0.0,15.872867999999999,0.9821663,0.41718864,0.56497765,,,b'NOT_AVAILABLE',75.07596271305894,9.542526891419204,2.077479121354236e+18,1635.82497374639,1515.96056530733,1775.8085555629398,0.10056541211033118,0.13465708681573346,0.27554922918230745,0.8475092131842665,15.597318770817692,4.804183829125783,38.0797300809009,7.659943084001095,-7.75689656492974,433.3875055270489,1626.0450180673822,282.8898813596591
35,35,KIC 6310636 ,0.92103467,0.010258000684230328,Gaia DR2 2075389018477664384,Gaia DR2 2075389018477664384,298.48110221391005,0.01634852071851463,41.61526030563427,0.018842895933589576,0.7343551662314901,0.01990405771153645,36.894745,-3.1845365136827386,0.03665007654053641,-17.8994483730047,0.0442193639897785,0.106494196,0.082367875,-0.09877554,-0.047428085999999994,0.19781615,-0.06637072599999999,-0.1581588,-0.035593756000000004,0.09680112,0.15819065,217.0,0.0,217.0,0.0,-3.791119,142.61333,0.0,0.0,15.0,0.038977355,0.0,14.5037565,0.99620914,0.41874886,0.5774603,,,b'NOT_AVAILABLE',76.415337766891,7.103165403251376,2.0753890184776645e+18,1311.2258132807,1277.60826305666,1346.62646293959,0.21414154884568282,0.2867355339043693,0.5867478438371709,0.7094736060956308,13.917008656162828,3.9153690483507706,119.35495293125061,-8.770339213557643,-32.910976143140786,317.3929114409459,1313.4839934794293,168.38760118946993
36,36,KIC 6362874 ,0.97486662,0.01771688512408753,Gaia DR2 2101711155037463040,Gaia DR2 2101711155037463040,291.4332780694074,0.010714850208302226,41.7033162343024,0.012557566530756164,2.4794186546839048,0.013311514682552964,186.2612,-4.867161396677017,0.022739246474956037,-25.48868364759561,0.02393506960512928,-0.006430457,-0.029856062000000003,-0.08257466,-0.033825144,0.33531898,-0.09908639999999999,-0.21866381,-0.184145,-0.016048493,0.04200995,256.0,0.0,256.0,0.0,-6.7284336,127.98816000000001,0.0,0.0,16.0,0.029355265,0.0,13.467326000000002,0.98873806,0.41991234,0.5688257,,,b'NOT_AVAILABLE',73.97974749864103,11.788140779281418,2.1017111550374633e+18,398.67607880827103,396.55553608046796,400.819014153293,0.025603387665883277,0.03428293608461771,0.07015328220452019,0.9544551239153822,13.397172717795481,5.464225109538987,57.857937298659515,1.5725779250335123,-5.452620514990262,108.95964848899521,379.48128814244114,82.39570258198995
37,37,KIC 6607286 ,0.78327657,0.01714813297807186,Gaia DR2 2101697548581701248,Gaia DR2 2101697548581701248,292.17859645250144,0.023706823475694395,42.005838659373566,0.02891936214971856,0.9692432376105832,0.03249175226324839,29.830439000000002,-2.4593151249819267,0.0501007051351448,-15.495636745314968,0.048354929527161854,0.10576261,0.21074836,-0.11824012,-0.16276531,0.5443004,-0.19508834,-0.33373195,-0.20592178,-0.35842696,-0.019580498000000002,185.0,0.0,184.0,1.0,0.47570542,187.46411,0.0,0.0,13.0,-0.08198576,0.0,14.952522,0.8920555,0.36866950000000004,0.523386,,,b'NOT_AVAILABLE',74.50685689099386,11.423310179194884,2.1016975485817009e+18,1003.01211763694,971.1028006310429,1037.0483271929,0.04535289538807974,0.06072752692463877,0.1242669333633385,0.8313279730753612,14.828255066636661,4.945991100645333,82.89517445660125,-2.9593185943025384,-15.17479379583462,270.14006637019844,974.546860639055,204.3410081963406
38,38,KIC 6607644 ,0.9719065,0.016778885877551466,Gaia DR2 2125705488052032640,Gaia DR2 2125705488052032640,292.28665647695647,0.0197116686685927,42.07259478447612,0.02393930486419295,1.5980490302954442,0.024993287227624117,63.939130000000006,9.066213312587466,0.04148600649680727,36.069323326182655,0.05060303212692248,-0.15252542,0.14136654,-0.062639646,-0.16601452,0.20134570000000002,-0.14377359,-0.22071263,-0.15309507,-0.32191673,-0.24655488,166.0,0.0,166.0,0.0,-1.2060932,139.70533999999998,0.0,0.0,14.0,-0.15622576,0.0,14.488042000000002,1.0654631,0.45945644,0.6060066,,,b'NOT_AVAILABLE',74.60425045235948,11.381091467298337,2.1257054880520325e+18,614.827241415506,605.450143176603,624.493992914438,0.03319050085290467,0.04444208064203935,0.0909419723369588,1.0210210193579607,14.397100027663043,5.544276491366233,-94.05306576338573,36.38209787038592,30.304807743564265,162.86365598779432,591.4443724365815,123.48421361664744
39,39,KIC 6666233 ,0.51240853,0.008463850414951126,Gaia DR2 2104748521545492864,Gaia DR2 2104748521545492864,282.28438197331434,0.014241992614866956,42.154214525211366,0.017210947980782914,3.839437201532547,0.0170332461235764,225.40842999999998,3.299732612115988,0.03119685069160617,6.081027540695352,0.033316542996401084,0.010416622,-0.025803056,-0.1221318,-0.081699245,0.1839245,-0.12817648,-0.30194718,-0.18027097,-0.14713113,0.059950337,273.0,0.0,272.0,1.0,-1.9978293999999999,222.85152999999997,0.0,0.0,17.0,0.10189169999999999,0.0,14.765626999999999,1.8105582999999998,0.8890829,0.9214754000000001,,,b'NOT_AVAILABLE',71.63224869004861,18.218765779100963,2.1047485215454927e+18,258.510874659441,257.36899869864897,259.66274630075696,0.021529081497318844,0.028827440124909932,0.05898968330265364,1.7817308598750898,14.706637316697345,7.703232914586161,3.1898055488450696,15.259263762212683,6.11730160321697,77.95882939385272,234.79410338782898,81.43017462747518
40,40,KIC 6697756 ,0.9161436,0.017105813725997104,Gaia DR2 2077728538692850816,Gaia DR2 2077728538692850816,293.6084289025083,0.013652985403490187,42.197874633062774,0.016679889747648263,4.902513443899626,0.016773880555756755,292.2707,-48.27720670297004,0.02963463294519532,37.33250431897963,0.03182754408186091,0.07987504,-0.03254077,-0.17321633,-0.10887144,0.2574077,-0.14956942,-0.32061455,-0.15551046,0.06112337,0.08937448,230.0,0.0,229.0,1.0,-3.4745367,157.68445,0.0,0.0,16.0,0.015265648,0.0,14.086642000000001,1.5238285,0.7139386999999999,0.8098898,,,b'NOT_AVAILABLE',75.16840877332353,10.562749069829069,2.0777285386928507e+18,202.78186182176003,202.089260939806,203.479141439757,0.022119692902198767,0.029618268796044147,0.060607958552024624,1.4942102312039558,14.026034041447977,7.551496469154326,-2.035731733447833,4.716158925521628,64.28605930304198,51.328992469028904,193.83969965481685,37.39148523599077
41,41,KIC 6755944 ,0.69297791,0.021962296686619885,Gaia DR2 2104890633423618048,Gaia DR2 2104890633423618048,283.76403958580505,0.010485592105306358,42.22209915199624,0.012641188714227605,1.4532905739763302,0.013029564289378645,111.537926,-3.530108246210581,0.0221161179797949,-8.711269303977403,0.02278510036597644,-0.02711147,-0.1319582,-0.12098113,-0.047628853,0.33050248,-0.14869834,-0.32677093,-0.2288819,-0.1616891,0.07076409,261.0,0.0,259.0,2.0,-3.4079851999999997,184.13214,0.0,0.0,17.0,0.08548069,0.0,13.408451000000001,0.8382368,0.34231663,0.49592018,,,b'NOT_AVAILABLE',72.10912266810872,17.218662406924597,2.104890633423618e+18,674.695272572996,668.7709793168631,680.723553934755,0.03757844744119954,0.050317541123766185,0.10296494598888675,0.7879192588762338,13.305486054011114,4.262912664153527,40.238047184845776,2.708957610358194,7.633335561636812,201.91192441418096,625.4720254173235,203.68892124385212
42,42,KIC 6867588 ,0.82628363,0.02336022714526511,Gaia DR2 2077689712190423552,Gaia DR2 2077689712190423552,293.1369678306537,0.02361156669867688,42.35042497792648,0.02677119109462149,1.1073672486575763,0.030709568121159964,36.059357,-6.165216297075941,0.050392165780524745,-6.896458702945777,0.05279461667505397,-0.02762744,-0.008357811,0.06204548,-0.1640714,0.31312603,-0.25162929999999994,-0.09303565,-0.32412127,-0.27941279999999996,-0.04414018,202.0,0.0,200.0,2.0,5.77738,331.84164,0.17093168887819973,5.480881341961537,15.0,-0.08891335,0.0,14.403887,1.13729,0.49778938,0.6395006,,,b'NOT_AVAILABLE',75.14528448137693,10.942816858359633,2.077689712190424e+18,880.857114758164,857.471254127841,905.529835600839,0.04454809924238924,0.05964990488555919,0.12206179192414653,1.0776400951144407,14.281825208075853,4.679359667387908,47.591356919063806,0.5599540385606739,17.2551376144058,227.30246755653286,856.9910740656624,171.42389515675768
43,43,KIC 6934291 ,0.56785704,0.01449597149914514,Gaia DR2 2105474852056221824,Gaia DR2 2105474852056221824,286.88725549462447,0.016538803272301252,42.47122709790799,0.01970839063046431,1.7094471765395383,0.019495085384440974,87.68606,-1.3177666346961632,0.037212575589840494,-3.3665600932673683,0.04126048300587559,-0.029236695,0.04978312,-0.09641415,0.021898694,0.15070374,-0.016621663999999998,-0.34354629999999997,-0.09092291400000001,0.05023802,0.04288027,265.0,0.0,265.0,0.0,-1.6798634999999997,222.94147,0.0,0.0,17.0,0.08073854,0.0,15.044114000000002,1.1716108,0.5149183,0.6566925,,,b'NOT_AVAILABLE',73.25741050746372,15.1756374561251,2.1054748520562217e+18,575.3221097293319,568.892031869555,581.896541386082,0.027601154789223495,0.036957946262770255,0.07562716412247238,1.1346528537372298,14.96848683587753,6.244558678204356,20.718875476294805,9.428497859877572,6.960168906407066,162.64125612667053,540.6512900908554,153.1365399412952
44,44,KIC 6964929 ,0.66502914,0.012808316930141974,Gaia DR2 2077219052496826368,Gaia DR2 2077219052496826368,296.23280986958383,0.01850695796163481,42.47279650964336,0.022012397831357826,0.9904131179122038,0.02449045032461255,40.44079,2.5739637549044745,0.03891676855240578,0.3757093107120037,0.03666118017719774,0.009532363,0.12662715,-0.09688075,-0.117154256,0.37906358,-0.23229025,-0.18234377,-0.3467666,-0.116014905,-0.0033482364000000002,222.0,0.0,218.0,4.0,-1.2809248,187.0288,0.0,0.0,14.0,-0.060936064000000005,0.0,14.754551999999999,0.91346073,0.3763857,0.53707504,,,b'NOT_AVAILABLE',76.33823906500794,8.978514336162993,2.0772190524968264e+18,981.778696909662,958.542783323139,1006.14774082381,0.08379139636573282,0.11219667973371625,0.22958842604210794,0.8012640502662838,14.52496357395789,4.794483978286852,4.173481049342179,15.51911950462491,-2.562475049509572,235.55376581817433,969.0911638779253,157.57473079848916
45,45,KIC 6974658 ,0.7165313,0.04598382027639381,Gaia DR2 2078450196282665088,Gaia DR2 2078450196282665088,298.2980940254205,0.01234322334146708,42.43432036524128,0.013891832445790809,2.4588973885383982,0.014980861095294031,164.13593,-11.057124387524972,0.026761082583982517,-7.683042308038202,0.02576329204016945,0.10230699,0.12256281,-0.13127686,-0.023129586,0.3708552,-0.020406118,-0.29284397,-0.050994675999999996,-0.10273543,0.013224902,229.0,0.0,229.0,0.0,-5.7272563,122.88226999999999,0.0,6.713997766802522e-16,16.0,0.10228715,0.0,13.421438,1.0223636999999999,0.43926809999999994,0.58309555,,,b'NOT_AVAILABLE',77.06055742429474,7.632203238950021,2.0784501962826647e+18,401.97201332632795,399.54760173320096,404.425496321678,0.036303733847809654,0.048610699622217125,0.09947223074299846,0.9737530003777828,13.321965769257002,5.400458914690219,33.67194944381477,5.550575581814212,18.184492814139585,90.25886492309067,392.84815422289705,54.01343341997794
46,46,KIC 7102227 ,0.76401932,0.0182372724105892,Gaia DR2 2105538623730974848,Gaia DR2 2105538623730974848,286.41003071668234,0.02840244640553258,42.681513672095754,0.027783444196631063,1.4113265478740111,0.02926317086648968,48.228764,5.157724618800546,0.05708371928756705,-5.248012680631627,0.05387273234725741,-0.12103277,0.06033848,-0.3691659,0.09927976,0.11184165,0.074748114,-0.36719808,-0.21075462,-0.023338685,-0.06445164,209.0,0.0,208.0,1.0,-0.8680529,185.37854,0.0,0.0,14.0,0.005240375,0.0,15.564810000000001,1.1977406000000002,0.5276890000000001,0.6700516,,,b'NOT_AVAILABLE',73.31631644341562,15.581208216823432,2.1055386237309747e+18,694.62677733334,680.680757361162,709.1454125958611,0.03149794805714571,0.0421757524485181,0.08630437767657925,1.1555648475514821,15.478505622323421,6.35605239490488,22.010179332144883,15.361756029485104,-14.70620695080877,195.941462434976,653.7835046974617,190.32017237301534
47,47,KIC 7605093 ,0.63400313,0.01824145783112406,Gaia DR2 2126012900332317056,Gaia DR2 2126012900332317056,290.9953824598205,0.02741750975653115,43.243879211885535,0.03221516813663875,1.1551172179024554,0.03182468319901896,36.29627,6.290268101802392,0.05881432351670406,-13.84286922099036,0.06938890934915166,-0.1810894,0.10173216,-0.19868734,0.06342392,0.0119923735,0.06391290000000001,-0.28891563,-0.108127005,-0.042442042,-0.15342073,211.0,0.0,209.0,2.0,-0.93861705,184.99684,0.0,0.0,16.0,0.04870759,0.0,15.719529000000001,1.1494408,0.49953747,0.6499033000000001,,,b'NOT_AVAILABLE',75.25717155245869,12.747065105053458,2.1260129003323167e+18,845.2276658469209,822.912737342983,868.7631560535069,0.03695501121874932,0.04948276002190534,0.10125673073937315,1.0999580399780946,15.618272269260629,6.084660480673076,52.69371633350194,12.175930490688186,-39.265340133684894,214.87756975344422,816.5776119112111,191.01739190363278
48,48,KIC 7749002 ,0.60992303,0.0162952372824114,Gaia DR2 2126074614722290560,Gaia DR2 2126074614722290560,290.3916779411751,0.023620847300157472,43.4403089708384,0.02672806259175362,0.8836582299306259,0.028456480099711887,31.052970000000002,-8.166267482496831,0.051946901140176666,-3.0236423382293607,0.0531970480926408,0.12761599,0.05438488,-0.10282297,-0.026589267000000003,0.24367460000000002,-0.07448488,-0.19255209,-0.23027104,-0.13965209,0.15792349,245.0,0.0,245.0,0.0,-1.3661021999999998,210.68532000000002,0.0,1.2972676148241315e-15,17.0,0.056423176,0.0,15.631784,0.9468049999999999,0.3925495,0.5542555,,,b'NOT_AVAILABLE',75.24772692487376,13.227968492867527,2.1260746147222907e+18,1096.62766407824,1063.18642847988,1132.1989514070801,0.052861823980439974,0.07078198230980913,0.14484139770640553,0.8760230176901908,15.486942602293594,5.431488012922067,41.302371615576085,-3.486761849217551,39.231238984394906,280.52014243142287,1065.3188927235665,258.9531611332659
50,50,KIC 7907808 ,0.65594057,0.030600074577131,Gaia DR2 2078762010906266496,Gaia DR2 2078762010906266496,297.08320691224645,0.01687593625466851,43.680030496876824,0.023634577754369186,2.1798545789703043,0.022824497645999114,95.50504000000001,25.731048263717774,0.03631756068942056,15.798699582152354,0.042319665786877854,-0.11658062,-0.10440873,-0.08007864,-0.0021760007000000002,0.39093372,-0.06792807599999999,-0.26212662,-0.16547526,-0.01062721,-0.097853,191.0,0.0,191.0,0.0,-3.4390466,126.72546000000001,0.0,0.0,15.0,-0.04424912,0.0,14.486975,1.3008175,0.5893735999999999,0.7114439,,,b'NOT_AVAILABLE',77.7121871446829,9.019270545527249,2.0787620109062664e+18,452.807337628303,448.13980652941905,457.571347214376,0.03615590100116687,0.04841275144056244,0.09906716874319722,1.2524047485594376,14.387907831256802,6.207407720653007,-43.76725459679398,29.349436615917536,-24.505274364569743,96.42434646140742,442.6945820177557,71.91610749121412
51,51,KIC 8235924 ,0.58800041,0.010495174514539395,Gaia DR2 2126343823271448832,Gaia DR2 2126343823271448832,292.7734522848991,0.022515085965764816,44.17808801057307,0.025799028630288327,3.1258021476397397,0.028762073978967243,108.67791000000001,11.04393984066869,0.0519736670905664,-0.4126652807372992,0.04655626752605934,0.10635236,0.20339175,-0.10358614,0.10560985,0.48781562,0.025283242,-0.12593937,-0.11934874,0.060368877,0.14401913,196.0,0.0,195.0,1.0,0.94967866,208.41055,0.0,0.0,16.0,0.0010431264999999999,0.0,14.914684,1.7468605,0.8472662000000001,0.8995943000000001,,,b'NOT_AVAILABLE',76.69172676109612,11.998076009620315,2.1263438232714488e+18,317.022456076829,314.135967706013,319.961518058303,0.0221999987555876,0.029725798333731797,0.06082799659031003,1.7171347016662681,14.853856003409689,7.409233868645689,5.148957623843306,16.9136683955276,-7.7051418342987406,72.03320983105131,304.5256375232241,66.50416121390461
53,53,KIC 8558011 ,0.63816268,0.016472885131780156,Gaia DR2 2126248505058677120,Gaia DR2 2126248505058677120,291.0571451135587,0.017459477882034776,44.632306003392095,0.01728989330192263,1.8976318549101776,0.019912370096306677,95.29915,-4.568328049711305,0.03487981832246369,-17.412555105116457,0.032631119525398135,-0.22202195,-0.23446846,-0.05607531,-0.04066395,0.33116806,-0.1487,-0.21740721,-0.24677533,-0.12588584,-0.12023573,221.0,0.0,220.0,1.0,-3.5660708,148.68434,0.0,0.0,15.0,-0.08692273,0.0,14.374639499999999,1.1293745000000002,0.49385548,0.635519,,,b'NOT_AVAILABLE',76.56527089452089,13.29978182493785,2.1262485050586767e+18,519.121806953177,513.769908229741,524.584343669948,0.02748137338562098,0.036797558963346494,0.07529896307660149,1.0925769410366537,14.299340536923397,5.79829313579733,54.54997234295116,3.790652804712874,-0.6900686645705899,119.15169681645585,498.8053532781403,121.22795900630912
54,54,KIC 8561063 ,0.45328732,0.0063325412692521715,Gaia DR2 2126556132093765888,Gaia DR2 2126556132093765888,292.21959997203754,0.03177285171003278,44.61736674086256,0.03772735305008143,24.93396688621736,0.04008738390193088,621.99036,93.12582002897543,0.0730319824684729,-417.42026962610527,0.06713640478391437,-0.0929253,-0.07752351,-0.1675355,-0.010021147,0.40816596,-0.11069587,-0.18468519,-0.2298627,-0.06905208,0.006779161,226.0,0.0,226.0,0.0,10.911973,537.7407,0.285570997997678,12.580999191880586,16.0,0.04642375,0.0,14.993085,2.6423092,1.4603834,1.1819258,,,b'NOT_AVAILABLE',76.91717354879727,12.54674097675648,2.126556132093766e+18,40.05954359401429,39.994832643917704,40.1244605575987,0.0031499013420906467,0.004217717897059376,0.008630729677328372,2.638091482102941,14.984454270322672,11.979555015068708,75.5978850079729,8.532340321044959,-42.12423578371891,8.861550564677843,38.13203303300686,8.712452175345181
55,55,KIC 8804845 ,0.76213044,0.019338038011258937,Gaia DR2 2106374557504930944,Gaia DR2 2106374557504930944,285.3873706214796,0.0154871190291805,45.04902650342676,0.019082755601815184,1.4689650714097204,0.01830997940034746,80.22756,-6.826620817668415,0.034694605810903334,-5.7998150609472425,0.03635570705240853,0.0023366546,-0.16134572,-0.08946316,0.03150721,0.2600951,0.024930665,-0.25259712,0.00725864,-0.04246113,0.09622432,194.0,0.0,193.0,1.0,-3.7552269,123.67506399999999,0.0,0.0,16.0,0.08651949,0.0,14.272647000000001,0.96054935,0.40566254,0.5548868,,,b'NOT_AVAILABLE',75.31274476369785,17.155876732166504,2.1063745575049308e+18,667.692698967208,659.566700815995,676.017738419834,0.02656297124951886,0.03556781850310575,0.07278254122368169,0.9249815314968942,14.19986445877632,5.149763863145823,34.7309858580643,1.8852854958635328,20.287892713782384,164.91985946345076,629.2075288317827,200.80280730060227
57,57,KIC 8947520 ,0.96852469,0.022980749016770597,Gaia DR2 2127065652653876992,Gaia DR2 2127065652653876992,289.8844102135073,0.040672435701403706,45.21150751808182,0.03813972050442189,1.219249217184646,0.03911781476682216,31.168644,0.5434769368360506,0.0951117691923396,-2.3974233716640985,0.07735952984558223,-0.11708934,-0.12850085,-0.42026454,0.063325115,0.11958496,0.04567564,-0.40866855,0.08735089,-0.14685419,-0.14706975,202.0,0.0,202.0,0.0,14.330762,638.87585,0.3321238341366672,20.942951676029697,16.0,0.13964047,0.0,14.478798000000001,0.9109086999999999,0.37275982,0.5381489,,,b'NOT_AVAILABLE',76.74947816595395,14.296258553947006,2.1270656526538767e+18,801.993109876868,777.405205350453,828.1564904554649,0.029842802570768847,0.039959512642259484,0.08176927904390664,0.8709491873577404,14.397028720956094,4.957944814160918,18.850609583745324,11.875953210381729,1.6691376665476785,182.17028847745343,773.6183016819351,202.53098125259663
58,58,KIC 9092504 ,0.96286621,0.016927700829902255,Gaia DR2 2126524001437900928,Gaia DR2 2126524001437900928,293.2045008760536,0.028542713641283718,45.435391894980675,0.034564107448847685,0.712903912367554,0.0358567911453262,19.881977,-0.6018492044400742,0.06177252019738121,-3.7303859831660926,0.061595958943828376,-0.14577429,-0.24689277,-0.019390713,0.0060011316,0.3335938,-0.13411433,-0.316853,-0.25808954,-0.16105767,0.013531323500000001,213.0,0.0,213.0,0.0,-1.0020276,187.60161000000002,0.0,1.3934889518778278e-15,16.0,0.059501722,0.0,15.775295999999999,1.014514,0.43135738,0.5831566,,,b'NOT_AVAILABLE',77.98304533697494,12.281937254771329,2.1265240014379008e+18,1350.3237948802198,1286.51563232199,1420.65432082668,0.06244454110703494,0.08361324054231979,0.17109804263327574,0.9309007594576801,15.604197957366724,5.1231063965307175,34.90607356660299,8.787909185633671,-0.0075591839504681995,285.3622606771965,1340.5737744298922,298.3885495433019
59,59,KIC 9149789 ,0.35251639,0.009883173022996777,Gaia DR2 2127096198461768704,Gaia DR2 2127096198461768704,289.8588634024416,0.01677530547910609,45.503775683297796,0.02290880921264352,1.35574066900371,0.021611633758884474,62.73198299999999,-4.198303561059074,0.037450451154126665,-11.257506708642133,0.04319305669444075,-0.032958943,0.012513446000000001,-0.077526025,0.030160097,0.23105536,-0.061285228,-0.34375197,-0.27789888,-0.015809648,0.07129499,222.0,0.0,220.0,2.0,-0.93883073,195.48731999999998,0.0,0.0,16.0,0.03311907,0.0,14.84886,1.0092486999999999,0.42754555,0.5817032,,,b'NOT_AVAILABLE',77.01697225038455,14.432617756892533,2.1270961984617687e+18,722.365820867648,711.176401812647,733.906418681554,0.02795292769967539,0.037428970189865345,0.07659102189711058,0.9718197298101345,14.77226897810289,5.55507405544218,52.10339273521807,3.488251508478398,4.5926949931536925,160.4822405736863,696.0658988714033,183.8413940306222
60,60,KIC 9221517 ,0.76985432,0.022003220798516347,Gaia DR2 2128039304560957952,Gaia DR2 2128039304560957952,293.13118032257626,0.014668817904825503,45.66341530354949,0.017178013863646143,2.62327527074587,0.01673862504592621,156.71988000000002,13.549649634471256,0.031217503072030063,-28.530604686350088,0.031292748540636746,0.16706707,-0.064750195,-0.32196847,-0.16671342,0.30741033,-0.21213084,-0.32575583,-0.175263,0.053929012,0.22590986,196.0,0.0,196.0,0.0,-4.5729747000000005,114.3643,0.0,0.0,14.0,0.019523395,0.0,13.804276999999999,1.1463165000000002,0.5027437,0.6435728000000001,,,b'NOT_AVAILABLE',78.16898822292067,12.429040516516713,2.128039304560958e+18,377.059564508023,374.676736436029,379.47234773888704,0.02223968937448452,0.02977894407243477,0.06093674888608759,1.1165375559275654,13.743340251113912,5.922227192024037,47.7210769596317,14.414628354617664,-36.47452062612735,76.32467105379976,364.3604536965614,82.04641640704499
61,61,KIC 9388479 ,0.89304119,0.012625088520060064,Gaia DR2 2107406178588473728,Gaia DR2 2107406178588473728,283.73172743288615,0.02392423610327913,45.95852882211771,0.029676243574281023,5.691202225436298,0.0277465354296431,205.11398,-41.14140846970856,0.053231136169727536,-52.64567463520244,0.06539300088056511,0.00042518676,-0.005548895999999999,-0.07324149,-0.15146266,0.09143973,-0.15151483,-0.20840815,-0.06947996,-0.040659104,-0.04410274,218.0,0.0,217.0,1.0,4.7699637,325.2811,0.19090329245869694,5.210019314261589,16.0,-0.035136472,0.0,15.051947,2.1947650000000003,1.1422997,1.0524653999999998,,,b'NOT_AVAILABLE',75.77243816685294,18.563739709404736,2.1074061785884736e+18,174.826364370345,173.976015714414,175.684917047767,0.016873741401710714,0.022593939736890646,0.04623405144068736,2.1721710602631097,15.005712948559314,8.838912368886348,61.11590209207918,-6.043022821801375,23.41769785272133,40.93792916662833,161.45854532694926,55.938873930940154
62,62,KIC 9456281 ,0.70194345,0.021797670145581826,Gaia DR2 2130270832127012096,Gaia DR2 2130270832127012096,287.80496778837374,0.022542957886936905,46.00108274052052,0.025196022067600903,2.5541578541785808,0.026784274804035814,95.36035,-3.4536294563838763,0.04911683868424945,-21.19508936889364,0.05091285222270008,-0.011997346,-0.22084568,0.011135003999999999,0.01781209,0.170222,-0.06896353,-0.33947054,-0.2969118,-0.1691002,0.07047299,239.0,0.0,239.0,0.0,1.7957002,274.29446,0.0397690011989504,0.1807120224761932,17.0,0.06740725,0.0,15.343670999999999,1.6373158,0.7831125,0.8542031999999999,,,b'NOT_AVAILABLE',76.89798266025518,15.945169691478993,2.130270832127012e+18,387.187146125391,383.18256377088403,391.27478693483397,0.020169410632568444,0.027006840837009147,0.05526418513323754,1.6103089591629909,15.288406814866761,7.404066344363089,49.425563169785846,5.9447277009302955,-1.6977295042838174,85.33685220893983,366.65494925378835,107.55691421264646
63,63,KIC 9472074 ,0.55884253,0.01982959240074264,Gaia DR2 2080062389562356864,Gaia DR2 2080062389562356864,294.59655698513524,0.032881217207572686,46.04837045697907,0.04034713416547039,1.1906934063587158,0.0385848653436603,30.85908,-0.2417994406635988,0.06818797563993753,12.025949307729173,0.07358463399209078,-0.38845855,-0.32837150000000004,-0.11206691,0.056233215999999996,0.35810405,-0.06092976,-0.327454,-0.10617664,-0.18271488,-0.29870173,180.0,0.0,180.0,0.0,0.3654125,181.24237,0.0,0.0,14.0,-0.079095185,0.0,15.609697,1.2197341999999998,0.5452442,0.6744899999999999,,,b'NOT_AVAILABLE',78.98963240736803,11.690333307037244,2.0800623895623567e+18,820.956913852738,795.546035294823,848.012999496425,0.04150369862622822,0.05557345246051958,0.11372013423586533,1.1641607475394802,15.495976865764135,6.038095176443143,-31.167275333056132,15.777565358895961,29.4815999663514,157.07224699105353,807.2871539199878,170.1715056986285
64,64,KIC 9473078 ,0.69384332,0.018719060818824875,Gaia DR2 2080070975195117312,Gaia DR2 2080070975195117312,294.97892525332287,0.02093678788384071,46.00567410082639,0.022911214551158725,2.7291110280502093,0.026231923905847502,104.03777,14.325874357102402,0.04712981540001969,5.0375803128438035,0.0449231898765205,0.0021235524,-0.17015612,0.057763234000000004,0.09764328,0.25159886,-0.028639128,-0.30686638,-0.37217495,-0.16635545,0.119189486,192.0,138.0,191.0,1.0,2.3877807,235.17902999999998,0.0,2.2330203856835906e-15,15.0,0.0037233362,4.0,12.900688,1.0076027,0.4352255,0.5723772,-41.338482374203686,1.3221082537581026,b'NOT_AVAILABLE',79.07508443967855,11.434801036913436,2.0800709751951173e+18,362.622963986372,359.179908256525,366.13146683263903,0.022914560062212194,0.030682595923302126,0.06278589457046142,0.9769201040766979,12.837902105429539,5.103411483045209,-14.773893069113477,-20.384338079428908,-18.65074673334458,68.06630413190298,352.63757014267935,72.64369934368443
65,65,KIC 9580167 ,0.82715274,0.015853442892619994,Gaia DR2 2130359858208650752,Gaia DR2 2130359858208650752,288.18188101022974,0.01888374029581396,46.24606057739421,0.032890573159095264,1.965488847931939,0.023774729104950626,82.67135,-10.920391250300586,0.04133565103170482,-19.65588344565883,0.05607760467637575,-0.10975512,-0.10657292,0.023702458,0.038834557,0.15181108,-0.049085166,-0.6830371000000001,-0.27671778,0.054025922000000004,-0.041404434,193.0,0.0,193.0,0.0,-1.3134923,163.05624,0.0,0.0,14.0,0.059540946,0.0,14.899707999999999,1.2199497,0.5235119,0.69643784,,,b'NOT_AVAILABLE',77.23813890620364,15.799537250065017,2.1303598582086508e+18,501.48165656900596,495.527765247236,507.577736916188,0.02286000055640883,0.030609540745031423,0.0626364015245602,1.1893401592549684,14.837071598475438,6.398432740900349,63.34338819955288,-1.2069518662569008,12.813423302276021,108.14292764395978,477.4639718611429,138.52659696661772
66,66,KIC 9787239 ,0.74295778,0.01148665413457653,Gaia DR2 2080287892525359872,Gaia DR2 2080287892525359872,297.8423072830826,0.02667893748680902,46.57435950627034,0.031168328600218256,3.059480188079765,0.032197589667293344,95.022026,-13.617631233845387,0.058046061096578026,19.64563310931001,0.06811532402576316,-0.0880768,0.02636678,0.02528889,-0.14451267,0.09376014,-0.15995325,-0.1302659,-0.22514434,-0.006738641,-0.06398651,227.0,0.0,225.0,2.0,0.39197388,227.64227000000002,0.0,0.0,16.0,0.046058472,0.0,15.812304000000001,1.9770956000000002,0.99526215,0.98183346,,,b'NOT_AVAILABLE',80.5391833612077,9.962320439156999,2.08028789252536e+18,323.846626337988,320.478993926569,327.284494985727,0.023110599278479055,0.030945092433883454,0.06332304202303261,1.9461505075661167,15.748980957976968,8.260607114177926,-5.90050619834092,9.23793212909575,40.01795515385792,52.915691757071286,317.54580052932636,56.54571920387586
67,67,KIC 10024051,0.57736948,0.013192445525897448,Gaia DR2 2080534148769345408,Gaia DR2 2080534148769345408,296.5527609542304,0.017522844259151616,46.9661944559835,0.020234540803312558,1.9113810286874344,0.020258635092909517,94.34895,-46.461081571003035,0.037418184908623565,-19.27918739596899,0.04306409747346375,0.0232465,-0.05834959,-0.11199761,-0.14526589,0.18446784,-0.15978107,-0.26017427,-0.13667981,0.02945215,0.012100531000000001,228.0,0.0,228.0,0.0,-2.8853723999999996,166.89623999999998,0.0,0.0,17.0,0.05148181,0.0,14.861212,1.1522217,0.50141907,0.6508026,,,b'NOT_AVAILABLE',80.4566550920058,10.925146792773244,2.0805341487693453e+18,515.453190005729,510.085380818025,520.933113416744,0.031053231443049355,0.041580276902243085,0.08508585415395524,1.1106414230977568,14.776126145846044,6.300265841478154,103.9844836474937,-18.524713589160562,84.64568599799523,85.1681008757617,506.5902177302072,99.15679127976621
68,68,KIC 10028535,0.66308666,0.016716104569528475,Gaia DR2 2086307031492729856,Gaia DR2 2086307031492729856,297.84146284412213,0.023041037408658357,46.96762884001135,0.026947065760620646,1.2130996323847942,0.02501200620502389,48.500694,-8.180942343872598,0.05279689198591075,-5.801619901335761,0.05494878453920768,0.05424748,0.030616915,-0.3878083,-0.09900321,0.17393224,-0.12515442,-0.40906546,-0.10369862,-0.10792119,-0.052479599999999994,227.0,0.0,226.0,1.0,-0.28712678,214.36437999999998,0.0,0.0,17.0,0.0495691,0.0,15.332972,1.1634978999999999,0.51016045,0.6533375,,,b'NOT_AVAILABLE',80.88764205317632,10.154522427518051,2.0863070314927296e+18,805.5617233730201,789.5259443478631,822.2501716428931,0.05394736206798223,0.0722355178090282,0.14781577206627133,1.0912623821909717,15.185156227933728,5.802477888307502,45.55170407966466,3.6997318464979636,23.867462060796484,128.50567944578603,801.1817015453347,145.33307921618768
69,69,KIC 10281221,0.58289571,0.02616213366999481,Gaia DR2 2128571777426188928,Gaia DR2 2128571777426188928,294.6125141626632,0.019049277258209683,47.343235695062354,0.020657937928891482,0.7003489857528873,0.02158621460923066,32.44427,-0.7560770595044439,0.04172307952157939,-4.353615653709402,0.03990153110332275,-0.07137229,0.0092949495,-0.21556696,0.022423767,0.23870356,-0.031694636,-0.28784415,-0.2134578,-0.08011410000000001,-0.016442126,220.0,0.0,218.0,2.0,-3.5662252999999997,147.02573,0.0,0.0,17.0,0.13735917,0.0,14.922145,0.8421334999999999,0.3423853,0.49974823,,,b'NOT_AVAILABLE',80.17381721892035,12.269066834204915,2.1285717774261888e+18,1371.9981953922302,1332.23366529171,1414.1622748950101,0.059610934928403525,0.07981904186913232,0.16333396170382566,0.7623144581308675,14.758811038296175,4.235377299311468,39.592076122867425,9.197649585786408,-1.3246612929515296,238.1125763506862,1374.7796426650593,303.4242574712598
70,70,KIC 10319385,0.68920948,0.013776544213874295,Gaia DR2 2119593990103923840,Gaia DR2 2119593990103923840,281.55117770824614,0.010669813824688686,47.469993088813645,0.012131558124593177,1.9581216251610916,0.012222567715084308,160.20543,-3.7378610727857886,0.02253465347466084,10.697004673327182,0.0243190886973926,-0.088331565,-0.1105286,-0.14620158,0.07374266,0.1613809,0.012018261,-0.37098977,-0.28809109999999993,0.03737531,-0.0033335396999999998,235.0,0.0,234.0,1.0,-3.7969956,156.45553999999998,0.0,0.0,17.0,0.109156184,0.0,13.22144,0.8924866,0.37003708,0.5224495,,,b'NOT_AVAILABLE',76.7648708598336,20.472710911588162,2.119593990103924e+18,503.26662937412596,500.166532183283,506.404702273957,0.028725174085954704,0.03846300810109335,0.07870697699551589,0.8540235918989066,13.142733023004483,4.712449329329173,-11.42184154646517,11.536350406896336,22.895933175280003,109.53715394496521,465.729626230554,178.62078632728824
71,71,KIC 10468885,0.66407444,0.017336941948866924,Gaia DR2 2129192692257862912,Gaia DR2 2129192692257862912,291.27895491153237,0.027255901966386036,47.687576612502305,0.030062045952070182,1.1051689467792067,0.029975984719950024,36.868477,-4.982597052941558,0.06595667539996718,-20.3286111293082,0.06833338538273158,-0.016577698000000002,-0.19771628,-0.03354817,-0.028134894,0.09594227400000001,-0.062307145,-0.44204062,-0.06792798,0.12511285,0.11830816400000001,216.0,0.0,216.0,0.0,-1.8281753,175.03929,0.0,0.0,15.0,0.020449828,0.0,15.662239000000001,1.2019768,0.5341873,0.66778946,,,b'NOT_AVAILABLE',79.48674975686184,14.4462182580768,2.1291926922578632e+18,882.324129993701,859.412591120399,906.4670169412719,0.031099103479669894,0.04164169955927799,0.08521154353429551,1.1603351004407219,15.577027456465705,5.934098217150861,98.56386576504258,0.29312900937650443,-9.102171149705047,159.8794007225639,861.5205560114141,225.7312176567923
72,72,KIC 10604521,0.86812153,0.021783718743798936,Gaia DR2 2128811470960380160,Gaia DR2 2128811470960380160,293.68354005969536,0.026146049791981103,47.83316234152925,0.03535758839608752,0.592680259519145,0.030746664252994618,19.276245,3.1753077712051625,0.05935154637736342,2.403539387826336,0.06622494321675314,0.038201317,0.08915679,-0.13644649,-0.13894838,0.20083551,-0.2030361,-0.45010412,-0.15171700000000002,-0.025133002999999998,0.07611854,219.0,0.0,219.0,0.0,-2.4151719,167.25606000000002,0.0,0.0,15.0,0.08963927,0.0,15.787234,0.9476824,0.39608288,0.5515995,,,b'NOT_AVAILABLE',80.33592071317463,13.048530194315381,2.12881147096038e+18,1610.1283035044,1532.4796713398,1695.8855155925598,0.05204450557832201,0.06968759296937317,0.14260194528460232,0.8779948070306268,15.644632054715398,4.752931578586651,-16.414122873233563,20.20141152058487,-6.685071089311814,275.9273700056781,1620.3585497139923,380.941125360912
73,73,KIC 10647452,0.76295078,0.020063045857242938,Gaia DR2 2107681262654003328,Gaia DR2 2107681262654003328,282.9140150527142,0.028704261470789225,47.97019869856358,0.027937158686664545,1.0502322909762445,0.028578869544688593,36.748558,-3.117996152981231,0.06546541075944716,-14.27709280087894,0.05543134388793894,-0.09703073,0.028614199,-0.38604325,0.12205705,0.18517834,0.11946553,-0.34541017,-0.10839554,-0.19330907,-0.07505466,199.0,0.0,199.0,0.0,0.21586177,197.60745,0.0,0.0,15.0,0.09508522,0.0,15.580007,1.0688095,0.4519682,0.6168413,,,b'NOT_AVAILABLE',77.58123419598736,19.763355112885755,2.1076812626540032e+18,927.144439841641,903.0285908919501,952.5585122801531,0.038710444229911774,0.05183328482385186,0.10606661718995827,1.0169762151761481,15.473940382810042,5.744270009214793,75.6405959462401,0.672482671358104,0.061225605364274634,192.7076239894422,875.11815856222,321.96314765587783
77,77,KIC 11246161,0.53740984,0.01623013074075793,Gaia DR2 2129686647856175104,Gaia DR2 2129686647856175104,292.8741576823984,0.01679710404773103,48.93654568423946,0.019784963395762956,0.8842491147021637,0.01913231716945021,46.217564,0.10021479203335336,0.037882450108832,-9.255412262574453,0.036496622320016416,-0.12644094,-0.07391943,-0.1210531,0.021514567000000002,0.2815783,-0.018396962,-0.35223913,-0.08306088,-0.07778087,-0.08428234,235.0,0.0,234.0,1.0,0.07917063,230.0292,0.0,0.0,16.0,0.015297161,0.0,14.815617000000001,0.8780689,0.3596058,0.51846313,,,b'NOT_AVAILABLE',81.11705614887151,14.012683889042744,2.129686647856175e+18,1095.37961484459,1072.72318045399,1118.99543664452,0.040032417046742576,0.05360340642558831,0.10968882270807466,0.8244654935744118,14.705928177291927,4.617793728040764,55.96940612936659,10.562933790884696,-13.87335442824228,169.433122949579,1084.0892452053763,273.8331255218933
78,78,KIC 11401182,0.92785963,0.018753474276556,Gaia DR2 2129939398090453504,Gaia DR2 2129939398090453504,290.9576362899095,0.015190341323774894,49.20372616066865,0.018061909626544723,2.2911069726365785,0.017492997737671497,130.97281,10.251812909881146,0.03387456809631851,-17.679815497440966,0.03493000670444564,-0.10462493,-0.051650695999999996,-0.20056263,0.020113323,0.23564325,0.0035229863,-0.19742265,-0.058182515,-0.051821925,-0.023298131,237.0,0.0,237.0,0.0,-4.335603,150.08016999999998,0.0,0.0,17.0,0.027962182000000002,0.0,14.638579,1.246685,0.5596694999999999,0.68701553,,,b'NOT_AVAILABLE',80.82528433426388,15.264913041261007,2.1299393980904532e+18,431.05115414786695,427.800647981914,434.350539526857,0.021647301129461987,0.0289857362123496,0.05931360509472585,1.2176992637876505,14.579265394905274,6.465934938687351,36.994779844086786,17.197135941051798,-25.810319234723625,67.13786823448228,415.68418142151785,114.91490103320801
79,79,KIC 11547505,0.93846561,0.02499951685475427,Gaia DR2 2132214871762396160,Gaia DR2 2132214871762396160,284.7316083637216,0.012272602768983577,49.53314901438661,0.013339396164156395,1.8356742647406128,0.0133087729879725,137.92963999999998,19.00190604392532,0.02599399537614611,-7.391005323864236,0.025304479214937642,-0.11117663,-0.18124229,-0.20261319,0.073582366,0.2558894,0.0053330967000000005,-0.41621614,-0.20390618,-0.09888529,-0.060487,239.0,0.0,239.0,0.0,-2.984705,174.63876000000002,0.0,0.0,17.0,0.06396449,0.0,13.745041,0.8964576999999999,0.37073229999999996,0.52572536,,,b'NOT_AVAILABLE',79.56584729950612,19.14949936172412,2.132214871762396e+18,536.32318955656,532.493287906837,540.207585319474,0.027698819884583448,0.037088719825457236,0.07589476648375865,0.8593689801745427,13.669146233516242,5.097908122972079,15.653600470841003,28.956875943775486,-42.469736122504315,93.1995433281329,506.10536566256945,178.69954246639577
80,80,KIC 11600889,0.66931017,0.01552511990399607,Gaia DR2 2132086400701217792,Gaia DR2 2132086400701217792,286.03630245688066,0.020713926675191268,49.61450267971018,0.02183103370443928,2.926617117353693,0.021783973657522927,134.34726,-3.543144551262124,0.04300490987531928,-0.5155410138768821,0.04339563814024679,0.024623135,-0.20091592,-0.33241975,-0.14464834,0.17354879,-0.13492751,-0.27517164,-0.017423185,0.055938415,0.17134443,202.0,202.0,202.0,0.0,1.450849,226.4922,0.0,0.0,15.0,-0.08506466,6.0,12.5073805,0.95430374,0.40789318,0.54641056,-24.129627515952105,0.639614732358156,b'NOT_AVAILABLE',79.9537354419696,18.38300007607658,2.1320864007012175e+18,338.367895580251,335.873195506726,340.899260932311,0.020813756706321462,0.027869620229764438,0.05702969337532081,0.9264341197702355,12.450350806624678,4.860434748167544,9.579073732080538,-12.37276143114783,4.462102427503104,56.5640540525025,319.28306762817186,107.75837173067076
81,81,KIC 11752632,0.9849389000000001,0.015872509808389938,Gaia DR2 2132156632006693504,Gaia DR2 2132156632006693504,285.40497226355814,0.013740225295425556,49.99481864528744,0.01642953672762555,1.3648488400362502,0.01693435079277612,80.596466,1.3224429934216206,0.02769189424942641,22.524500976840248,0.02686553311879896,-0.07922259,-0.19739603,-0.17357817,0.04557877,0.4791294,-0.03792296,-0.20887807,-0.13668722,-0.09530208,0.045701865,211.0,0.0,211.0,0.0,-1.4662086,177.04607,0.0,0.0,14.0,-0.00011215671,0.0,13.784735999999999,0.813673,0.3271122,0.48656082,,,b'NOT_AVAILABLE',80.18130395105608,18.896966343703912,2.132156632006693e+18,717.555337657652,708.874926460029,726.447059470647,0.030647502049446308,0.041037005244208606,0.0839741556154829,0.7726359947557914,13.700761844384516,4.505459003195401,-64.12943387795664,17.888547586017403,28.467552772418657,118.21071425238563,683.0384961898017,237.29172335326183
82,82,KIC 11870545,0.8399616,0.01755086344287118,Gaia DR2 2135140981443805312,Gaia DR2 2135140981443805312,295.084100056599,0.028401284765295232,50.11463797321485,0.0286229906800073,1.2884127043684863,0.03109794600933192,41.430797999999996,-9.644462732257614,0.06156431678642362,-1.7860672574639236,0.05627234926119859,-0.04712818,-0.082267225,-0.04625322,-0.046814512,0.24608979,-0.12344909,-0.25396338,-0.24279425,-0.08693082,0.053659357000000005,268.0,0.0,268.0,0.0,-1.4299341,230.9373,0.0,0.0,17.0,-0.0009152047,0.0,15.931404,1.2813673,0.5777111,0.7036562,,,b'NOT_AVAILABLE',82.85399598512036,13.240860759236385,2.1351409814438047e+18,759.586453762402,741.920075479133,778.0986351060451,0.03192350460246669,0.0427455726627029,0.08747040261075875,1.2386217273372973,15.843933597389242,6.5285179447191855,31.91389780789937,2.9921159315385397,35.2433243177138,93.98470062601262,749.6469752255041,177.77311148691905
83,83,KIC 11904151,0.8374905999999999,0.0172039385852034,Gaia DR2 2132155017099178624,Gaia DR2 2132155017099178624,285.67929796407213,0.02047449843872133,50.241484223586816,0.024042664380128597,5.3618456769911145,0.023300853122699076,230.11371,-18.3937490726302,0.044804558843499945,41.44808373890555,0.045877502621367854,0.052847332999999996,-0.015037371,-0.006066006999999999,-0.05854462,0.17200759,-0.12974972,-0.39141345,-0.28562236,0.06519521,0.09431189,201.0,201.0,196.0,5.0,6.351126,342.97882000000004,0.0,2.0301221021717147e-15,15.0,0.08934567,10.0,10.919079,0.84401894,0.35221386,0.49180508,-98.12168719668598,0.3948298329564445,b'NOT_AVAILABLE',80.48987745161915,18.816263255259088,2.1321550170991785e+18,185.50578370393,184.701358845527,186.317120467188,0.015651895161417632,0.02095788762113821,0.042886192742284314,0.8230610523788617,10.876192807257716,4.577291726968548,-34.158713243219935,-83.46273190513352,1.9779084513080174,29.167556961621855,174.10957525347374,60.15361390709489
84,84,KIC 12170648,0.29969767,0.011462471704819528,Gaia DR2 2135416409106562688,Gaia DR2 2135416409106562688,296.96382767152755,0.02132849590408611,50.74541561497034,0.0278654448069452,1.954067491274302,0.02706215037001102,72.20666,3.9318570653144143,0.04580928999771208,4.009806637928442,0.055576029742952976,-0.16827809999999999,-0.034366217000000004,-0.19049829,0.0063836430000000005,0.38989937,-0.024223207000000004,-0.020246241,-0.12141527,0.17238973,-0.063473344,169.0,0.0,169.0,0.0,-0.12238563599999999,161.1337,0.0,0.0,15.0,0.039802756,0.0,14.813298999999999,1.1757727,0.52139854,0.6543741,,,b'NOT_AVAILABLE',83.99178185627866,12.465567245216016,2.1354164091065623e+18,504.413800858826,497.568455931158,511.44665471288596,0.027593801855091193,0.03694810068396711,0.07560701708294988,1.1388245993160329,14.737691982917049,6.299364197778292,-1.798836551768879,14.44068900851984,3.457138502657682,52.30294718243891,496.94409346021155,110.46336327815821
85,85,KIC 12265786,0.59701811,0.0246395706887558,Gaia DR2 2135567385797165184,Gaia DR2 2135567385797165184,295.4148910785092,0.023884800591420088,50.978991191210525,0.027962463184485763,1.3241685542249968,0.02760862001553534,47.962143,11.778560624251256,0.05499009202679301,-5.421601050365809,0.0622444770253509,-0.11390715,0.16865446,-0.0071915854000000005,-0.16898175,0.15803674,-0.14452289,-0.06332933,0.017837564,-0.19296860000000002,-0.14804427,216.0,0.0,216.0,0.0,-0.12419954,207.79828,0.0,0.0,16.0,0.13243338,0.0,15.510876999999999,1.1925106,0.5276860999999999,0.6648245,,,b'NOT_AVAILABLE',83.74466348226184,13.44145436636467,2.1355673857971648e+18,739.388192329605,724.481240750716,754.909902032999,0.031766175146183954,0.042534908520740315,0.08703931990054405,1.1499756914792598,15.423837680099455,6.166514445897617,10.657185852254955,23.136734011423442,-37.870015949553185,80.03115928325252,730.1315499631967,175.545380404163
86,86,KIC 12405333,0.76486301,0.02019697931435865,Gaia DR2 2133215461704521088,Gaia DR2 2133215461704521088,290.08473892885183,0.017664389110151182,51.208614377047546,0.02152111563029752,1.410398662830403,0.02014651360610437,70.00708,-3.072252098442781,0.039994360078983535,1.4659014533617452,0.04377140322678103,-0.04706737,0.034351982,-0.17439367,0.019625603999999998,0.18495302,-0.03770552,-0.33953443,-0.16715483,0.08751179,0.04920251,256.0,0.0,255.0,1.0,-2.2475953,202.45505,0.0,0.0,17.0,0.07901857,0.0,15.171992999999999,1.1517086,0.50375557,0.64795303,,,b'NOT_AVAILABLE',82.50634494920304,16.57576912506851,2.1332154617045207e+18,694.8896978967771,685.2222298665799,704.828805312859,0.03442265811910194,0.046091939221477495,0.09431808324633932,1.1056166607785225,15.07767491675366,5.962413634578336,10.158124882845238,9.075176944310853,18.20448191034296,88.62503853821175,673.7510287132184,202.2712279920617
87,87,KIC 3834322 ,0.49843515,0.013405436926449512,Gaia DR2 2100067969267186688,Gaia DR2 2100067969267186688,286.04996162496565,0.02104874021577589,38.96020257111353,0.02584572330293833,1.6855275748216914,0.02673091442363894,63.055367000000004,7.5427446586822064,0.04802296015576607,3.725406404910121,0.04946487893765999,0.060389247,0.10867618,-0.13940170000000002,-0.044152115,0.2388969,-0.11038535,-0.27668390000000004,-0.19177526,-0.0034698031,0.15900692,239.0,0.0,239.0,0.0,-1.5252148,201.92625,0.0,0.0,17.0,0.1285202,0.0,15.401567000000002,1.338007,0.60984993,0.72815704,,,b'NOT_AVAILABLE',69.66258200466612,14.370891583537755,2.1000679692671867e+18,583.440353576634,574.411480388394,592.752329653521,0.03393494208903828,0.04543888745722226,0.09298174132396489,1.2925681125427777,15.308585258676036,6.571584681268769,-4.513382200854873,22.0737839698328,-7.559317525814373,199.74339552760156,538.8948704281684,147.25227938231825
88,88,KIC 5008501 ,0.96802576,0.05184340902520612,Gaia DR2 2101116353607053824,Gaia DR2 2101116353607053824,291.0197168247497,0.016982519068609408,40.17758942393415,0.019886669136708703,0.6935490457212601,0.021201330691783482,32.712524,-2.0463373138984453,0.035773424196037136,3.768079771593386,0.03910997454155359,0.049608099999999995,0.20559926,-0.26209405,-0.048835974000000004,0.25622106,-0.054186675999999996,-0.26491857,-0.14145902,-0.16496789999999997,-0.068838656,212.0,9.0,211.0,1.0,-2.4826431,159.04346,0.0,0.0,15.0,-0.041121427,0.0,14.443079999999998,0.7354803000000001,0.28761864,0.44786167,,,b'NOT_AVAILABLE',72.4400187197148,11.40028870039562,2.1011163536070536e+18,1384.9790824296201,1345.1689631210302,1427.1707082787,0.06914477370528582,0.09258485199137771,0.18945667995248316,0.6428954480086224,14.253623320047515,3.73586392886045,-6.542915572521947,12.875333954195893,30.64414137419482,426.43183828593425,1347.5488412101558,285.0011581921286
89,89,KIC 5080636 ,0.17689162,0.00433191025358625,Gaia DR2 2103377980301947264,Gaia DR2 2103377980301947264,285.01310820601935,0.020126386554236483,40.22095471021719,0.02331543356214076,7.416562374184394,0.02451168134515691,302.57257000000004,0.6905379245162084,0.04484716525929272,41.18654656302557,0.04710357130280357,-0.039494444,-0.044407047000000005,-0.17098075,-0.04344457,0.23501772,-0.06853015,-0.14071308,-0.07216965,-0.10601793,-0.024554012000000004,241.0,0.0,241.0,0.0,7.931078,452.6138,0.1803313447771367,6.861201028199412,17.0,-0.02185364,0.0,14.412604,2.2083072999999995,1.1477079,1.0605993,,,b'NOT_AVAILABLE',70.5402719874334,15.599320475981195,2.1033779803019476e+18,134.310874416612,133.866823030031,134.75782884111499,0.018690627327351002,0.02502674999132299,0.05121231887694175,2.1832805500086767,14.361391681123058,8.772048117299098,-12.848145168658823,17.935391701012133,16.591722034236692,43.26438553810074,122.44834573740992,36.2578218600812
90,90,KIC 5773121 ,0.52417582,0.02153817407242014,Gaia DR2 2103829913941569664,Gaia DR2 2103829913941569664,285.33149025985733,0.019635030197208164,41.06384347677306,0.024894047972365458,1.3726143861259936,0.0252177411060944,54.430504000000006,-8.98736294703122,0.043735147021912085,-13.246351998074436,0.04231713198224212,-0.1486006,-0.18825953,-0.31433642,0.04698653,0.48441032,0.017543299999999998,-0.3009618,-0.010055136,-0.13521735,-0.01044317,239.0,0.0,239.0,0.0,-1.1061715,210.25494,0.0,0.0,15.0,-0.02805937,0.0,15.033107999999999,1.1165247,0.48358154,0.63294315,,,b'NOT_AVAILABLE',71.4448824408057,15.699560785614713,2.1038299139415693e+18,713.7331566412211,701.016365685957,726.9111954492611,0.04311597462861873,0.05773229002772048,0.11813777048241532,1.0587924099722796,14.914970229517584,5.765428637611995,61.47762701545972,-7.847443347866057,17.966757853276015,223.18376234030657,664.8998320318694,197.1369887967611
91,91,KIC 5980208 ,0.78916057,0.01848188698851581,Gaia DR2 2076790552200353536,Gaia DR2 2076790552200353536,297.07379282893095,0.019805799970555243,41.22446132969848,0.02188808151052719,3.1042372438636616,0.025258043613351742,122.90093999999999,4.160089283142292,0.04163152605632766,-2.9056863362373435,0.04096033059839199,0.053650647,0.07875493,-0.041558787,-0.09479784,0.23307925,-0.14430505,-0.2529401,-0.31527558,-0.18846263,0.050390355,230.0,0.0,230.0,0.0,-2.0677435,183.34294,0.0,0.0,15.0,-0.043896683,0.0,15.031839999999999,1.6397828999999997,0.7850323,0.85475063,,,b'NOT_AVAILABLE',75.54374729166743,7.8239528689870115,2.0767905522003533e+18,319.19700611513696,316.624627191632,321.810768028479,0.03335733138184717,0.04466546672029336,0.09139908798626124,1.5951174332797065,14.940440912013738,7.511545953676922,12.080061447316965,13.071710065650903,-0.391718574769322,79.67068862084214,309.03704650469143,43.852883269203105
92,92,KIC 6750902 ,0.46933249,0.02019697931435865,Gaia DR2 2116704610985856512,Gaia DR2 2116704610985856512,281.24309537984317,0.019832272288239274,42.25493830647,0.02913539149455097,0.7970127246412927,0.02654020394260204,30.030392,0.13325600729474485,0.04789151198795658,1.6322643228372933,0.055696869595242685,-0.10127891,0.03816545,-0.033621714,-0.04192508,0.38086078,-0.016696129,-0.29435036,0.051116182999999996,-0.09714998,-0.18376729,186.0,0.0,184.0,2.0,2.051078,219.91476,0.10575814716171626,1.8187562585380623,14.0,-0.079762116,0.0,14.656148000000002,0.9233017,0.38506317,0.5382385000000001,,,b'NOT_AVAILABLE',71.45180942656339,18.977611931819386,2.1167046109858565e+18,1211.4161254367,1173.39935425623,1251.9287364260601,0.048790323822466064,0.06533024359828206,0.13368548727355703,0.8579714564017179,14.522462512726445,4.2396812482060575,1.9229419119687834,14.445872478861743,9.65759585000067,377.4241729066126,1124.8572472018598,408.02193372283915
94,94,KIC 7269881 ,0.30693783,0.015107507943961663,Gaia DR2 2102589493027294080,Gaia DR2 2102589493027294080,287.7358124105926,0.01321842355292518,42.82331708833743,0.016541390052196056,2.112814898319223,0.016460943362339418,128.35321000000002,16.805279572252378,0.02896144068685088,-22.52772507781129,0.032203453146840096,0.063909195,0.04037212,-0.117637016,-0.06994759,0.25103134,-0.10950204,-0.20284654,-0.16940498,-0.109877035,0.0736426,253.0,0.0,253.0,0.0,-1.8762974,207.9226,0.0,0.0,17.0,0.12437403,0.0,14.399957999999998,1.152874,0.50714684,0.64572716,,,b'NOT_AVAILABLE',73.84769296410191,14.74169968245379,2.1025894930272945e+18,466.93407195325796,463.345410427306,470.577748993177,0.024646421691394693,0.033001558644777496,0.06753119543442146,1.1198724413552226,14.332426804565577,6.05368017327379,45.04202305716413,16.911688905713753,-45.68970797718531,127.33452744776818,439.6541360670128,120.43736280465343
95,95,KIC 7582691 ,0.25981944,0.009982227975655272,Gaia DR2 2116886477081207424,Gaia DR2 2116886477081207424,281.11626458230256,0.0186080466607952,43.28231994266868,0.019521006335334632,3.779333757513277,0.020763861101958787,182.01498,-26.76132253513568,0.041656743836782376,-27.820942610366945,0.04261553477037423,-0.048921257,-0.09616917,-0.20159599,-0.02879108,0.154588,-0.04902353,-0.14137022,-0.06649498,-0.113996156,-0.003639207,245.0,0.0,244.0,1.0,-0.8460373,220.34389,0.0,0.0,17.0,0.07830050599999999,0.0,15.116791000000001,1.7389506999999997,0.83982277,0.89912796,,,b'NOT_AVAILABLE',72.4434544070602,19.410183156217443,2.1168864770812076e+18,262.595266200918,261.16043818849397,264.04566353488997,0.020974479981064383,0.02808482869464521,0.05747007514811642,1.7108658713053546,15.059320924851885,8.020356535965181,51.10286952080011,-7.410181087052963,26.174454238104467,75.27842198157742,237.93368456434587,87.93316178110518
96,96,KIC 8189801 ,0.66682749,0.016190601769039754,Gaia DR2 2079004040903468160,Gaia DR2 2079004040903468160,298.92633912552367,0.029365260813233027,44.002175946381456,0.02868248871323388,2.3055120256320603,0.032465390443620686,71.01446,-8.861743570743007,0.06439201547816419,-4.00551012983386,0.05685706436545364,0.16481763,-0.02909417,-0.13921754,-0.09194178,0.21347852,-0.12794934,-0.21444952,-0.16884720000000003,-0.02267899,0.18220419,219.0,0.0,217.0,2.0,0.07303824,212.8384,0.01834651182187481,0.029535968426932107,15.0,-0.07411861,0.0,15.731476999999998,1.7287693,0.83341694,0.89535236,,,b'NOT_AVAILABLE',78.66108181006412,8.024110628465596,2.079004040903468e+18,428.50130271832603,422.576242563284,434.59182441187994,0.034880399347041895,0.046704854725689096,0.0955722942108948,1.6820644452743108,15.635904705789104,7.571716267040898,26.761249510061507,7.450037467168355,18.722499068697047,84.44420737398909,421.1133398831729,60.54612117144126
97,97,KIC 8416523 ,0.34184200000000003,0.009486953212362802,Gaia DR2 2105964306529014400,Gaia DR2 2105964306529014400,285.41065492935485,0.01799009781167779,44.41223180822038,0.020250871837181092,1.819115519341996,0.02120587157138266,85.78358,2.7058038437202376,0.040450922636881215,-0.4816918102872144,0.04228626918617991,-0.11289999,-0.2189268,0.006841088,0.01101885,0.23404410000000003,-0.050478756,-0.21303351,-0.16611709,-0.074852556,-0.020876258999999998,230.0,0.0,227.0,3.0,-1.7307541000000002,186.89629,0.0,0.0,16.0,-0.09907055,0.0,14.898913,1.2258987,0.5471964,0.67870235,,,b'NOT_AVAILABLE',74.69979535540085,16.906267005284686,2.1059643065290143e+18,541.188588629692,535.001104359681,547.518244280001,0.024243082359411264,0.03246148727925168,0.06642604566478687,1.1934372127207482,14.832486954335213,6.232169847025851,10.251095466691378,14.587530383244202,0.5371567047481293,138.78840287265308,507.31802118260316,159.86167367906114
98,98,KIC 9353742 ,0.93875053,0.022033913882438704,Gaia DR2 2080193506325008256,Gaia DR2 2080193506325008256,296.05407047959636,0.019317591608870463,45.82704465005099,0.022980378546181224,1.1269379926875898,0.023687361466218727,47.575497,-0.10794023348589832,0.04185668890056152,-3.9248851214050484,0.04383751017527019,-0.18267585,-0.1439204,-0.0067309946999999995,-0.18492588,0.32428336,-0.24700862,0.058046635,-0.23143367,0.020598131999999998,-0.07676933,211.0,0.0,207.0,4.0,-2.9167172999999997,148.32005,0.0,0.0,15.0,-0.07011696,0.0,14.836857,0.96976376,0.40937233,0.5603914000000001,,,b'NOT_AVAILABLE',79.26917731010822,10.68975211578115,2.0801935063250084e+18,865.5957120387641,848.067805503111,883.8498030438029,0.05294186503072264,0.07088915727613761,0.14506071018418004,0.8988746027238623,14.69179628981582,5.150281518133671,25.869403661982826,10.835538240860082,-0.008105679023437042,162.35486311440627,856.7128440325749,164.5972288978324
99,99,KIC 9467404 ,0.92990607,0.02449308097003549,Gaia DR2 2128242611132484736,Gaia DR2 2128242611132484736,292.87225145995984,0.01816258424076475,46.09872895503361,0.021203436358650025,2.1199632011636664,0.022127147465396648,95.80824,-2.887425874082308,0.0378440974577146,-31.614932457740604,0.04103303896229167,-0.087912984,-0.005114063,-0.13189575,-0.057129975,0.32235938,-0.11590028599999999,-0.08218856,-0.20707110000000004,-0.058011415999999996,-0.015381628,227.0,218.0,226.0,1.0,6.570788,388.9529,0.0,1.9183724676361953e-15,15.0,-0.018038915,12.0,12.343973,0.73576546,0.29468727,0.44107820000000003,2.900481767419524,0.9416989169848072,b'NOT_AVAILABLE',78.48805887712507,12.782638944495645,2.1282426111324849e+18,465.417193098957,460.63665670872496,470.2961848816299,0.025008728944907018,0.0334866880572305,0.06852391730904524,0.7022787719427694,12.275449082690955,4.004760886831267,77.8072861404177,7.230625689448002,-16.684312192309825,91.80629030166375,450.76167236021445,104.36644216363015
100,100,KIC 9475552 ,0.84338039,0.018317260447477744,Gaia DR2 2080388566557873280,Gaia DR2 2080388566557873280,295.82156778409365,0.019378921939776275,46.05305622250097,0.02568268672551112,2.0510429469062847,0.02456243551386206,83.50324,17.589138272476355,0.04118096570390748,-1.1675613357010604,0.0526935432639452,-0.05111371,-0.057367905999999996,0.013139267,-0.09381068,0.26853213,-0.15357836,-0.32705188,-0.24972181,0.031826735,-0.03300489,201.0,0.0,201.0,0.0,-2.2627,153.95909,0.0,0.0,15.0,0.15753385,0.0,14.951651000000002,1.352375,0.61737347,0.73500156,,,b'NOT_AVAILABLE',79.39486360017632,10.938714264286391,2.080388566557873e+18,480.869051771406,475.21238680942804,486.65954029205994,0.03196504893807019,0.042801200528075976,0.08758423409031232,1.309573799471924,14.864066765909689,6.541516863824215,-3.9869912522114888,22.241904101158568,-29.250449422683346,88.09932888000412,470.52156696280076,92.51825222874774
101,101,KIC 9873254 ,0.90037004,0.02438193480249849,Gaia DR2 2119511080054847616,Gaia DR2 2119511080054847616,282.21304467062987,0.010695881679958065,46.71778975785823,0.013944696898853793,1.6500048069841686,0.012676471804609991,130.16278,14.576653589615129,0.022369073662438788,-7.376270430648756,0.025933154362004624,-0.022376949,-0.056127034000000006,-0.13104182,0.0004781409,0.310944,-0.07225720599999999,-0.52100396,-0.2652969,-0.105307,-0.018773979,231.0,0.0,230.0,1.0,-5.6116056,125.26745600000001,0.0,0.0,15.0,0.05379114,0.0,13.346116,0.92936134,0.3902502,0.53911114,,,b'NOT_AVAILABLE',76.15848662776281,19.80583217957788,2.1195110800548475e+18,595.634246874998,591.136681835877,600.19953386715,0.029723050512268555,0.03979916463592759,0.08144115840361585,0.8895621753640724,13.264674841596385,4.471217698981052,21.1363964042258,25.99039286247154,-36.48937836403043,136.41486576500444,553.6500549570626,205.35315699918294
102,102,KIC 9885417 ,0.68996781,0.03670381285714383,Gaia DR2 2127777307254217472,Gaia DR2 2127777307254217472,289.4240356862107,0.022296906173614663,46.726082289422855,0.029367133000096787,6.546936763474302,0.028919002561195912,226.38875,12.321587563355793,0.048110186311655034,-19.439550809711076,0.04821603771614792,-0.21246986,-0.1871069,0.061056137,-0.097164944,0.41842702,-0.28419775,-0.301183,-0.41602707,-0.061947762999999996,-0.09487452,187.0,187.0,186.0,1.0,2.4379597,230.67607,0.0,1.0476381089212137e-15,15.0,0.04038353,2.0,12.408617,1.30439,0.594388,0.71000195,-31.77149936444844,3.097678388963629,b'NOT_AVAILABLE',78.04645512846031,15.203581477454117,2.1277773072542172e+18,152.074948199493,151.404035869804,152.751726278897,0.013965986826104561,0.018700456360154008,0.0382668039035265,1.2856895436398459,12.370350196096473,6.49832861398254,14.619771643665437,-16.14120305743929,-14.41262171861583,30.528678647709164,144.2010134728615,40.05682595645231
103,103,KIC 9967771 ,0.53835457,0.01180707132885682,Gaia DR2 2086302805244921984,Gaia DR2 2086302805244921984,297.9381812732658,0.015824649176269124,46.88131939630191,0.018856509449336898,1.2180503326971497,0.018972396466953995,64.20119,-8.08704855929357,0.03545336699411972,-17.548020134504853,0.03990844856747433,0.051048227,0.0042533814,-0.1392721,-0.040819794,0.23362231,-0.051636428,-0.31062958,-0.13077761,-0.10234542,-0.055315804,219.0,0.0,216.0,3.0,-2.114096,169.90468,0.0,0.0,16.0,0.09181652,0.0,14.494851999999998,0.9432869,0.39075375,0.55253315,,,b'NOT_AVAILABLE',80.84381347204743,10.05476891290561,2.0863028052449216e+18,802.16287144539,790.0445133073,814.6518998237891,0.05864459781272357,0.07852511647123686,0.1606861980068626,0.8647617835287632,14.334165801993136,4.97353921725399,85.27607628157418,1.3224699676129181,1.4696221509557565,128.63361779422922,798.0747869513232,143.33519587903731
104,104,KIC 10186945,0.39683023,0.013818398419222954,Gaia DR2 2119583510383666560,Gaia DR2 2119583510383666560,281.4406356467388,0.01629168213435215,47.246379384847344,0.01592044737709761,2.147379449965884,0.017375311422186547,123.58797,-9.739059260959797,0.03748339545382825,-22.199619070572748,0.03224690636214232,-0.13263735,-0.26048863,-0.16055268,0.08376634,0.25847587,0.084142454,-0.20880520000000002,0.11827428,-0.12548721,-0.019483496,229.0,0.0,229.0,0.0,-5.155724,131.16846999999999,0.0,0.0,16.0,0.1236269,0.0,14.521170999999999,1.2092152,0.5367775,0.67243767,,,b'NOT_AVAILABLE',76.51315523728954,20.473818353764244,2.1195835103836667e+18,459.52058225276704,455.85298153021597,463.246606875178,0.02726021980717616,0.03650143432180888,0.07469300227166269,1.1727137656781912,14.446477997728337,6.20964615742186,62.491793013393824,-1.910016353599462,12.001694036098392,101.7472123132456,424.23689118659195,162.88659735209768
105,105,KIC 12115188,0.49543428,0.013289175244925459,Gaia DR2 2135230729080669184,Gaia DR2 2135230729080669184,293.97275958720365,0.018466030553859158,50.6451139195288,0.021356578323666896,1.5854616417032232,0.02175385040143342,72.88189,-5.256184219731288,0.04771441819804791,-9.57313493674136,0.04499364747464863,-0.083099596,-0.12773728,-0.043152332,0.08097313,0.30121133,0.09833426,-0.17759591,0.098196626,-0.20278797,-0.13049889,191.0,0.0,189.0,2.0,-1.6248798,153.96368,0.0,0.0,16.0,-0.007904988,0.0,14.644754999999998,1.0531263000000002,0.45580006,0.5973263000000001,,,b'NOT_AVAILABLE',83.02138050109168,14.111018793145403,2.1352307290806687e+18,619.550105998949,611.247694342161,628.077000349222,0.02905326660318327,0.03890232398166239,0.07960595049272216,1.0142239760183378,14.565149049507276,5.684372821912698,43.41748824884583,7.865900155298225,8.901463382514994,74.32072012435017,607.1671731542206,153.77321787826168
